Workbook

Sheet 1-Players
A1: Jugador_ID | B1: Equipo | C1: Dorsal | D1: Nombre | E1: Posición | F1: Titular
A2: JM00 | B2: MANRESA | C2: 0 | D2: Kaodirichi Akobundu | E2: P | F2: NO
A3: JM02 | B3: MANRESA | C3: 2 | D3: Hugo Benítez | E3: B | F3: SI
A4: JM08 | B4: MANRESA | C4: 8 | D4: Álex Reyes | E4: A | F4: SI
A5: JM11 | B5: MANRESA | C5: 11 | D5: Agustín Ubal | E5: A | F5: NO
A6: JM12 | B6: MANRESA | C6: 12 | D6: Marcis Steinbergs | E6: AP | F6: SI
A7: JM18 | B7: MANRESA | C7: 18 | D7: Gustav Knudsen | E7: A | F7: NO
A8: JM19 | B8: MANRESA | C8: 19 | D8: Louis Olinde | E8: AP | F8: NO
A9: JM32 | B9: MANRESA | C9: 32 | D9: Retin Obasohan | E9: B | F9: SI
A10: JM33 | B10: MANRESA | C10: 33 | D10: Grant Golden | E10: P | F10: SI
A11: JM47 | B11: MANRESA | C11: 47 | D11: Archange Izaw Bolavie | E11: P | F11: NO
A12: JM55 | B12: MANRESA | C12: 55 | D12: Dani Pérez | E12: B | F12: NO
A13: JM99 | B13: MANRESA | C13: 99 | D13: Alfonso Plummer | E13: E | F13: NO
... A25: JL25 | B25: LLEIDA | C25: 25 | D25: Cameron Krutwig | E25: P | F25: NO
A26: MAN | D26: TEAM - Manresa
A27: LLE | D27: TEAM - Lleida

Sheet 2-DATASET
A1: Cuarto | B1: Evento_ID | C1: Tiempo | D1: Minuto | E1: Segundo | F1: Equipo | G1: Jugador_ID | H1: Jugador | J1: Resultado | K1: Tiro_Intentado | L1: Anotado (0/1) | M1: Puntos_Conseguidos | N1: Tipo_Tiro | O1: Zona_de_Tiro | P1: Tiempo_Posesion_Restante | Q1: Contestado (S/N) | R1: Asistido (S/N) | S1: Rebote_ofensivo | T1: Rebote_defensivo | U1: Asistencia | V1: Pérdida | W1: Recuperacion | X1: Tapón_realizado | Y1: Tapón_recibido | Z1: Falta_Cometida | AA1: Falta_Recibida | AB1: Tiempo_Entra | AC1: Tiempo_Sale | AD1: Tiempo_Pista_Sustituciones | AE1: Tiempo_Pista_Completo | AF1: PickAndRoll (S/N)
A2: 1 | B2: 1 | C2: 0.0069444444 | D2: =MINUTE(C2) -> 10 | E2: =SECOND(C2) -> 0 | F2: LLEIDA | G2: JL12 | H2: =_xlfn.XLOOKUP(G2,'1-Players'!$A$2:$A$27,'1-Players'!$D$2:$D$27,"") -> Atoumane Diagne | I2: Starting lineup | K2: {=IFERROR(_xlfn.IFS(I2="Free Throw",1,I2="2-Point Shot",2,I2="Dunk",2,I2="3-Point Shot",3),"")} | L2: {=IFERROR(_xlfn.IFS(J2="Made",1,J2="Missed",0),"")} | M2: =IFERROR(K2*L2,"") | R2: =IF(J2<>"Made","",IF(I3="Assist","S","N")) | S2: {=IFERROR(_xlfn.IFS(I2="Offensive Rebound",1),"")} | T2: {=IFERROR(_xlfn.IFS(I2="Defensive Rebound",1),"")} | U2: {=IFERROR(_xlfn.IFS(I2="Assist",1),"")} | V2: {=IFERROR(_xlfn.IFS(I2="Turnover",1),"")} | W2: {=IFERROR(_xlfn.IFS(I2="Steal",1),"")} | X2: {=IFERROR(_xlfn.IFS(I2="Block",1),"")} | Y2: {=IFERROR(_xlfn.IFS(I2="Block Received",1),"")} | Z2: {=IFERROR(_xlfn.IFS(I2="Foul",1,I2="Foul Technical",1,I2="Offensive Foul",1),"")} | AA2: {=IFERROR(_xlfn.IFS(I2="Foul Received",1),"")} | AB2: {=IFERROR(_xlfn.IFS(I2="Starting lineup",C2,I2="Substitution - In",C2),"")} -> 0.0069444444 | AC2: {=IFERROR(_xlfn.IFS(I2="Finishing lineup",C2,I2="Substitution - Out",C2),"")} | AD2: {=IF(AC2<>"",LOOKUP(2,1/((G1:G$2=G2)*(AB1:AB$2<>"")),AB1:AB$2)-AC2,"")} | AE2: {=IF(AC2<>"",LOOKUP(2,1/((G1:G$2=G2)*(AB1:AB$2<>"")),AB1:AB$2)-AC2,"")}
A3: 1 | B3: 2 | C3: 0.0069444444 | D3: =MINUTE(C3) -> 10 | E3: =SECOND(C3) -> 0 | F3: LLEIDA | G3: JL14 | H3: =_xlfn.XLOOKUP(G3,'1-Players'!$A$2:$A$27,'1-Players'!$D$2:$D$27,"") -> Mikel Sanz | I3: Starting lineup | K3: {=IFERROR(_xlfn.IFS(I3="Free Throw",1,I3="2-Point Shot",2,I3="Dunk",2,I3="3-Point Shot",3),"")} | L3: {=IFERROR(_xlfn.IFS(J3="Made",1,J3="Missed",0),"")} | M3: =IFERROR(K3*L3,"") | R3: =IF(J3<>"Made","",IF(I4="Assist","S","N")) | S3: {=IFERROR(_xlfn.IFS(I3="Offensive Rebound",1),"")} | T3: {=IFERROR(_xlfn.IFS(I3="Defensive Rebound",1),"")} | U3: {=IFERROR(_xlfn.IFS(I3="Assist",1),"")} | V3: {=IFERROR(_xlfn.IFS(I3="Turnover",1),"")} | W3: {=IFERROR(_xlfn.IFS(I3="Steal",1),"")} | X3: {=IFERROR(_xlfn.IFS(I3="Block",1),"")} | Y3: {=IFERROR(_xlfn.IFS(I3="Block Received",1),"")} | Z3: {=IFERROR(_xlfn.IFS(I3="Foul",1,I3="Foul Technical",1,I3="Offensive Foul",1),"")} | AA3: {=IFERROR(_xlfn.IFS(I3="Foul Received",1),"")} | AB3: {=IFERROR(_xlfn.IFS(I3="Starting lineup",C3,I3="Substitution - In",C3),"")} -> 0.0069444444 | AC3: {=IFERROR(_xlfn.IFS(I3="Finishing lineup",C3,I3="Substitution - Out",C3),"")} | AD3: {=IF(AC3<>"",LOOKUP(2,1/((G2:G$2=G3)*(AB2:AB$2<>"")),AB2:AB$2)-AC3,"")} | AE3: {=IF(AC3<>"",LOOKUP(2,1/((G2:G$2=G3)*(AB2:AB$2<>"")),AB2:AB$2)-AC3,"")}
A4: 1 | B4: 3 | C4: 0.0069444444 | D4: =MINUTE(C4) -> 10 | E4: =SECOND(C4) -> 0 | F4: LLEIDA | G4: JL01 | H4: =_xlfn.XLOOKUP(G4,'1-Players'!$A$2:$A$27,'1-Players'!$D$2:$D$27,"") -> James Batemon | I4: Starting lineup | K4: {=IFERROR(_xlfn.IFS(I4="Free Throw",1,I4="2-Point Shot",2,I4="Dunk",2,I4="3-Point Shot",3),"")} | L4: {=IFERROR(_xlfn.IFS(J4="Made",1,J4="Missed",0),"")} | M4: =IFERROR(K4*L4,"") | R4: =IF(J4<>"Made","",IF(I5="Assist","S","N")) | S4: {=IFERROR(_xlfn.IFS(I4="Offensive Rebound",1),"")} | T4: {=IFERROR(_xlfn.IFS(I4="Defensive Rebound",1),"")} | U4: {=IFERROR(_xlfn.IFS(I4="Assist",1),"")} | V4: {=IFERROR(_xlfn.IFS(I4="Turnover",1),"")} | W4: {=IFERROR(_xlfn.IFS(I4="Steal",1),"")} | X4: {=IFERROR(_xlfn.IFS(I4="Block",1),"")} | Y4: {=IFERROR(_xlfn.IFS(I4="Block Received",1),"")} | Z4: {=IFERROR(_xlfn.IFS(I4="Foul",1,I4="Foul Technical",1,I4="Offensive Foul",1),"")} | AA4: {=IFERROR(_xlfn.IFS(I4="Foul Received",1),"")} | AB4: {=IFERROR(_xlfn.IFS(I4="Starting lineup",C4,I4="Substitution - In",C4),"")} -> 0.0069444444 | AC4: {=IFERROR(_xlfn.IFS(I4="Finishing lineup",C4,I4="Substitution - Out",C4),"")} | AD4: {=IF(AC4<>"",LOOKUP(2,1/((G$2:G3=G4)*(AB$2:AB3<>"")),AB$2:AB3)-AC4,"")} | AE4: {=IF(AC4<>"",LOOKUP(2,1/((G$2:G3=G4)*(AB$2:AB3<>"")),AB$2:AB3)-AC4,"")}
A5: 1 | B5: 4 | C5: 0.0069444444 | D5: =MINUTE(C5) -> 10 | E5: =SECOND(C5) -> 0 | F5: LLEIDA | G5: JL04 | H5: =_xlfn.XLOOKUP(G5,'1-Players'!$A$2:$A$27,'1-Players'!$D$2:$D$27,"") -> Caleb Agada | I5: Starting lineup | K5: {=IFERROR(_xlfn.IFS(I5="Free Throw",1,I5="2-Point Shot",2,I5="Dunk",2,I5="3-Point Shot",3),"")} | L5: {=IFERROR(_xlfn.IFS(J5="Made",1,J5="Missed",0),"")} | M5: =IFERROR(K5*L5,"") | R5: =IF(J5<>"Made","",IF(I6="Assist","S","N")) | S5: {=IFERROR(_xlfn.IFS(I5="Offensive Rebound",1),"")} | T5: {=IFERROR(_xlfn.IFS(I5="Defensive Rebound",1),"")} | U5: {=IFERROR(_xlfn.IFS(I5="Assist",1),"")} | V5: {=IFERROR(_xlfn.IFS(I5="Turnover",1),"")} | W5: {=IFERROR(_xlfn.IFS(I5="Steal",1),"")} | X5: {=IFERROR(_xlfn.IFS(I5="Block",1),"")} | Y5: {=IFERROR(_xlfn.IFS(I5="Block Received",1),"")} | Z5: {=IFERROR(_xlfn.IFS(I5="Foul",1,I5="Foul Technical",1,I5="Offensive Foul",1),"")} | AA5: {=IFERROR(_xlfn.IFS(I5="Foul Received",1),"")} | AB5: {=IFERROR(_xlfn.IFS(I5="Starting lineup",C5,I5="Substitution - In",C5),"")} -> 0.0069444444 | AC5: {=IFERROR(_xlfn.IFS(I5="Finishing lineup",C5,I5="Substitution - Out",C5),"")} | AD5: {=IF(AC5<>"",LOOKUP(2,1/((G$2:G4=G5)*(AB$2:AB4<>"")),AB$2:AB4)-AC5,"")} | AE5: {=IF(AC5<>"",LOOKUP(2,1/((G$2:G4=G5)*(AB$2:AB4<>"")),AB$2:AB4)-AC5,"")}
A6: 1 | B6: 5 | C6: 0.0069444444 | D6: =MINUTE(C6) -> 10 | E6: =SECOND(C6) -> 0 | F6: LLEIDA | G6: JL03 | H6: =_xlfn.XLOOKUP(G6,'1-Players'!$A$2:$A$27,'1-Players'!$D$2:$D$27,"") -> Melvin Ejim | I6: Starting lineup | K6: {=IFERROR(_xlfn.IFS(I6="Free Throw",1,I6="2-Point Shot",2,I6="Dunk",2,I6="3-Point Shot",3),"")} | L6: {=IFERROR(_xlfn.IFS(J6="Made",1,J6="Missed",0),"")} | M6: =IFERROR(K6*L6,"") | R6: =IF(J6<>"Made","",IF(I7="Assist","S","N")) | S6: {=IFERROR(_xlfn.IFS(I6="Offensive Rebound",1),"")} | T6: {=IFERROR(_xlfn.IFS(I6="Defensive Rebound",1),"")} | U6: {=IFERROR(_xlfn.IFS(I6="Assist",1),"")} | V6: {=IFERROR(_xlfn.IFS(I6="Turnover",1),"")} | W6: {=IFERROR(_xlfn.IFS(I6="Steal",1),"")} | X6: {=IFERROR(_xlfn.IFS(I6="Block",1),"")} | Y6: {=IFERROR(_xlfn.IFS(I6="Block Received",1),"")} | Z6: {=IFERROR(_xlfn.IFS(I6="Foul",1,I6="Foul Technical",1,I6="Offensive Foul",1),"")} | AA6: {=IFERROR(_xlfn.IFS(I6="Foul Received",1),"")} | AB6: {=IFERROR(_xlfn.IFS(I6="Starting lineup",C6,I6="Substitution - In",C6),"")} -> 0.0069444444 | AC6: {=IFERROR(_xlfn.IFS(I6="Finishing lineup",C6,I6="Substitution - Out",C6),"")} | AD6: {=IF(AC6<>"",LOOKUP(2,1/((G$2:G5=G6)*(AB$2:AB5<>"")),AB$2:AB5)-AC6,"")} | AE6: {=IF(AC6<>"",LOOKUP(2,1/((G$2:G5=G6)*(AB$2:AB5<>"")),AB$2:AB5)-AC6,"")}
A7: 1 | B7: 6 | C7: 0.0069444444 | D7: =MINUTE(C7) -> 10 | E7: =SECOND(C7) -> 0 | F7: MANRESA | G7: JM08 | H7: =_xlfn.XLOOKUP(G7,'1-Players'!$A$2:$A$27,'1-Players'!$D$2:$D$27,"") -> Álex Reyes | I7: Starting lineup | K7: {=IFERROR(_xlfn.IFS(I7="Free Throw",1,I7="2-Point Shot",2,I7="Dunk",2,I7="3-Point Shot",3),"")} | L7: {=IFERROR(_xlfn.IFS(J7="Made",1,J7="Missed",0),"")} | M7: =IFERROR(K7*L7,"") | R7: =IF(J7<>"Made","",IF(I8="Assist","S","N")) | S7: {=IFERROR(_xlfn.IFS(I7="Offensive Rebound",1),"")} | T7: {=IFERROR(_xlfn.IFS(I7="Defensive Rebound",1),"")} | U7: {=IFERROR(_xlfn.IFS(I7="Assist",1),"")} | V7: {=IFERROR(_xlfn.IFS(I7="Turnover",1),"")} | W7: {=IFERROR(_xlfn.IFS(I7="Steal",1),"")} | X7: {=IFERROR(_xlfn.IFS(I7="Block",1),"")} | Y7: {=IFERROR(_xlfn.IFS(I7="Block Received",1),"")} | Z7: {=IFERROR(_xlfn.IFS(I7="Foul",1,I7="Foul Technical",1,I7="Offensive Foul",1),"")} | AA7: {=IFERROR(_xlfn.IFS(I7="Foul Received",1),"")} | AB7: {=IFERROR(_xlfn.IFS(I7="Starting lineup",C7,I7="Substitution - In",C7),"")} -> 0.0069444444 | AC7: {=IFERROR(_xlfn.IFS(I7="Finishing lineup",C7,I7="Substitution - Out",C7),"")} | AD7: {=IF(AC7<>"",LOOKUP(2,1/((G$2:G6=G7)*(AB$2:AB6<>"")),AB$2:AB6)-AC7,"")} | AE7: {=IF(AC7<>"",LOOKUP(2,1/((G$2:G6=G7)*(AB$2:AB6<>"")),AB$2:AB6)-AC7,"")}
A8: 1 | B8: 7 | C8: 0.0069444444 | D8: =MINUTE(C8) -> 10 | E8: =SECOND(C8) -> 0 | F8: MANRESA | G8: JM33 | H8: =_xlfn.XLOOKUP(G8,'1-Players'!$A$2:$A$27,'1-Players'!$D$2:$D$27,"") -> Grant Golden | I8: Starting lineup | K8: {=IFERROR(_xlfn.IFS(I8="Free Throw",1,I8="2-Point Shot",2,I8="Dunk",2,I8="3-Point Shot",3),"")} | L8: {=IFERROR(_xlfn.IFS(J8="Made",1,J8="Missed",0),"")} | M8: =IFERROR(K8*L8,"") | R8: =IF(J8<>"Made","",IF(I9="Assist","S","N")) | S8: {=IFERROR(_xlfn.IFS(I8="Offensive Rebound",1),"")} | T8: {=IFERROR(_xlfn.IFS(I8="Defensive Rebound",1),"")} | U8: {=IFERROR(_xlfn.IFS(I8="Assist",1),"")} | V8: {=IFERROR(_xlfn.IFS(I8="Turnover",1),"")} | W8: {=IFERROR(_xlfn.IFS(I8="Steal",1),"")} | X8: {=IFERROR(_xlfn.IFS(I8="Block",1),"")} | Y8: {=IFERROR(_xlfn.IFS(I8="Block Received",1),"")} | Z8: {=IFERROR(_xlfn.IFS(I8="Foul",1,I8="Foul Technical",1,I8="Offensive Foul",1),"")} | AA8: {=IFERROR(_xlfn.IFS(I8="Foul Received",1),"")} | AB8: {=IFERROR(_xlfn.IFS(I8="Starting lineup",C8,I8="Substitution - In",C8),"")} -> 0.0069444444 | AC8: {=IFERROR(_xlfn.IFS(I8="Finishing lineup",C8,I8="Substitution - Out",C8),"")} | AD8: {=IF(AC8<>"",LOOKUP(2,1/((G$2:G7=G8)*(AB$2:AB7<>"")),AB$2:AB7)-AC8,"")} | AE8: {=IF(AC8<>"",LOOKUP(2,1/((G$2:G7=G8)*(AB$2:AB7<>"")),AB$2:AB7)-AC8,"")}
A9: 1 | B9: 8 | C9: 0.0069444444 | D9: =MINUTE(C9) -> 10 | E9: =SECOND(C9) -> 0 | F9: MANRESA | G9: JM02 | H9: =_xlfn.XLOOKUP(G9,'1-Players'!$A$2:$A$27,'1-Players'!$D$2:$D$27,"") -> Hugo Benítez | I9: Starting lineup | K9: {=IFERROR(_xlfn.IFS(I9="Free Throw",1,I9="2-Point Shot",2,I9="Dunk",2,I9="3-Point Shot",3),"")} | L9: {=IFERROR(_xlfn.IFS(J9="Made",1,J9="Missed",0),"")} | M9: =IFERROR(K9*L9,"") | R9: =IF(J9<>"Made","",IF(I10="Assist","S","N")) | S9: {=IFERROR(_xlfn.IFS(I9="Offensive Rebound",1),"")} | T9: {=IFERROR(_xlfn.IFS(I9="Defensive Rebound",1),"")} | U9: {=IFERROR(_xlfn.IFS(I9="Assist",1),"")} | V9: {=IFERROR(_xlfn.IFS(I9="Turnover",1),"")} | W9: {=IFERROR(_xlfn.IFS(I9="Steal",1),"")} | X9: {=IFERROR(_xlfn.IFS(I9="Block",1),"")} | Y9: {=IFERROR(_xlfn.IFS(I9="Block Received",1),"")} | Z9: {=IFERROR(_xlfn.IFS(I9="Foul",1,I9="Foul Technical",1,I9="Offensive Foul",1),"")} | AA9: {=IFERROR(_xlfn.IFS(I9="Foul Received",1),"")} | AB9: {=IFERROR(_xlfn.IFS(I9="Starting lineup",C9,I9="Substitution - In",C9),"")} -> 0.0069444444 | AC9: {=IFERROR(_xlfn.IFS(I9="Finishing lineup",C9,I9="Substitution - Out",C9),"")} | AD9: {=IF(AC9<>"",LOOKUP(2,1/((G$2:G8=G9)*(AB$2:AB8<>"")),AB$2:AB8)-AC9,"")} | AE9: {=IF(AC9<>"",LOOKUP(2,1/((G$2:G8=G9)*(AB$2:AB8<>"")),AB$2:AB8)-AC9,"")}
A10: 1 | B10: 9 | C10: 0.0069444444 | D10: =MINUTE(C10) -> 10 | E10: =SECOND(C10) -> 0 | F10: MANRESA | G10: JM32 | H10: =_xlfn.XLOOKUP(G10,'1-Players'!$A$2:$A$27,'1-Players'!$D$2:$D$27,"") -> Retin Obasohan | I10: Starting lineup | K10: {=IFERROR(_xlfn.IFS(I10="Free Throw",1,I10="2-Point Shot",2,I10="Dunk",2,I10="3-Point Shot",3),"")} | L10: {=IFERROR(_xlfn.IFS(J10="Made",1,J10="Missed",0),"")} | M10: =IFERROR(K10*L10,"") | R10: =IF(J10<>"Made","",IF(I11="Assist","S","N")) | S10: {=IFERROR(_xlfn.IFS(I10="Offensive Rebound",1),"")} | T10: {=IFERROR(_xlfn.IFS(I10="Defensive Rebound",1),"")} | U10: {=IFERROR(_xlfn.IFS(I10="Assist",1),"")} | V10: {=IFERROR(_xlfn.IFS(I10="Turnover",1),"")} | W10: {=IFERROR(_xlfn.IFS(I10="Steal",1),"")} | X10: {=IFERROR(_xlfn.IFS(I10="Block",1),"")} | Y10: {=IFERROR(_xlfn.IFS(I10="Block Received",1),"")} | Z10: {=IFERROR(_xlfn.IFS(I10="Foul",1,I10="Foul Technical",1,I10="Offensive Foul",1),"")} | AA10: {=IFERROR(_xlfn.IFS(I10="Foul Received",1),"")} | AB10: {=IFERROR(_xlfn.IFS(I10="Starting lineup",C10,I10="Substitution - In",C10),"")} -> 0.0069444444 | AC10: {=IFERROR(_xlfn.IFS(I10="Finishing lineup",C10,I10="Substitution - Out",C10),"")} | AD10: {=IF(AC10<>"",LOOKUP(2,1/((G$2:G9=G10)*(AB$2:AB9<>"")),AB$2:AB9)-AC10,"")} | AE10: {=IF(AC10<>"",LOOKUP(2,1/((G$2:G9=G10)*(AB$2:AB9<>"")),AB$2:AB9)-AC10,"")}
A11: 1 | B11: 10 | C11: 0.0069444444 | D11: =MINUTE(C11) -> 10 | E11: =SECOND(C11) -> 0 | F11: MANRESA | G11: JM12 | H11: =_xlfn.XLOOKUP(G11,'1-Players'!$A$2:$A$27,'1-Players'!$D$2:$D$27,"") -> Marcis Steinbergs | I11: Starting lineup | K11: {=IFERROR(_xlfn.IFS(I11="Free Throw",1,I11="2-Point Shot",2,I11="Dunk",2,I11="3-Point Shot",3),"")} | L11: {=IFERROR(_xlfn.IFS(J11="Made",1,J11="Missed",0),"")} | M11: =IFERROR(K11*L11,"") | R11: =IF(J11<>"Made","",IF(I12="Assist","S","N")) | S11: {=IFERROR(_xlfn.IFS(I11="Offensive Rebound",1),"")} | T11: {=IFERROR(_xlfn.IFS(I11="Defensive Rebound",1),"")} | U11: {=IFERROR(_xlfn.IFS(I11="Assist",1),"")} | V11: {=IFERROR(_xlfn.IFS(I11="Turnover",1),"")} | W11: {=IFERROR(_xlfn.IFS(I11="Steal",1),"")} | X11: {=IFERROR(_xlfn.IFS(I11="Block",1),"")} | Y11: {=IFERROR(_xlfn.IFS(I11="Block Received",1),"")} | Z11: {=IFERROR(_xlfn.IFS(I11="Foul",1,I11="Foul Technical",1,I11="Offensive Foul",1),"")} | AA11: {=IFERROR(_xlfn.IFS(I11="Foul Received",1),"")} | AB11: {=IFERROR(_xlfn.IFS(I11="Starting lineup",C11,I11="Substitution - In",C11),"")} -> 0.0069444444 | AC11: {=IFERROR(_xlfn.IFS(I11="Finishing lineup",C11,I11="Substitution - Out",C11),"")} | AD11: {=IF(AC11<>"",LOOKUP(2,1/((G$2:G10=G11)*(AB$2:AB10<>"")),AB$2:AB10)-AC11,"")} | AE11: {=IF(AC11<>"",LOOKUP(2,1/((G$2:G10=G11)*(AB$2:AB10<>"")),AB$2:AB10)-AC11,"")}
A12: 1 | B12: 11 | C12: 0.0069444444 | D12: =MINUTE(C12) -> 10 | E12: =SECOND(C12) -> 0 | F12: MANRESA | G12: JM33 | H12: =_xlfn.XLOOKUP(G12,'1-Players'!$A$2:$A$27,'1-Players'!$D$2:$D$27,"") -> Grant Golden | I12: Jump ball won | K12: {=IFERROR(_xlfn.IFS(I12="Free Throw",1,I12="2-Point Shot",2,I12="Dunk",2,I12="3-Point Shot",3),"")} | L12: {=IFERROR(_xlfn.IFS(J12="Made",1,J12="Missed",0),"")} | M12: =IFERROR(K12*L12,"") | R12: =IF(J12<>"Made","",IF(I13="Assist","S","N")) | S12: {=IFERROR(_xlfn.IFS(I12="Offensive Rebound",1),"")} | T12: {=IFERROR(_xlfn.IFS(I12="Defensive Rebound",1),"")} | U12: {=IFERROR(_xlfn.IFS(I12="Assist",1),"")} | V12: {=IFERROR(_xlfn.IFS(I12="Turnover",1),"")} | W12: {=IFERROR(_xlfn.IFS(I12="Steal",1),"")} | X12: {=IFERROR(_xlfn.IFS(I12="Block",1),"")} | Y12: {=IFERROR(_xlfn.IFS(I12="Block Received",1),"")} | Z12: {=IFERROR(_xlfn.IFS(I12="Foul",1,I12="Foul Technical",1,I12="Offensive Foul",1),"")} | AA12: {=IFERROR(_xlfn.IFS(I12="Foul Received",1),"")} | AB12: {=IFERROR(_xlfn.IFS(I12="Starting lineup",C12,I12="Substitution - In",C12),"")} | AC12: {=IFERROR(_xlfn.IFS(I12="Finishing lineup",C12,I12="Substitution - Out",C12),"")} | AD12: {=IF(AC12<>"",LOOKUP(2,1/((G$2:G11=G12)*(AB$2:AB11<>"")),AB$2:AB11)-AC12,"")} | AE12: {=IF(AC12<>"",LOOKUP(2,1/((G$2:G11=G12)*(AB$2:AB11<>"")),AB$2:AB11)-AC12,"")}
A13: 1 | B13: 12 | C13: 0.0069444444 | D13: =MINUTE(C13) -> 10 | E13: =SECOND(C13) -> 0 | F13: LLEIDA | G13: JL12 | H13: =_xlfn.XLOOKUP(G13,'1-Players'!$A$2:$A$27,'1-Players'!$D$2:$D$27,"") -> Atoumane Diagne | I13: Jump ball lost | K13: {=IFERROR(_xlfn.IFS(I13="Free Throw",1,I13="2-Point Shot",2,I13="Dunk",2,I13="3-Point Shot",3),"")} | L13: {=IFERROR(_xlfn.IFS(J13="Made",1,J13="Missed",0),"")} | M13: =IFERROR(K13*L13,"") | R13: =IF(J13<>"Made","",IF(I14="Assist","S","N")) | S13: {=IFERROR(_xlfn.IFS(I13="Offensive Rebound",1),"")} | T13: {=IFERROR(_xlfn.IFS(I13="Defensive Rebound",1),"")} | U13: {=IFERROR(_xlfn.IFS(I13="Assist",1),"")} | V13: {=IFERROR(_xlfn.IFS(I13="Turnover",1),"")} | W13: {=IFERROR(_xlfn.IFS(I13="Steal",1),"")} | X13: {=IFERROR(_xlfn.IFS(I13="Block",1),"")} | Y13: {=IFERROR(_xlfn.IFS(I13="Block Received",1),"")} | Z13: {=IFERROR(_xlfn.IFS(I13="Foul",1,I13="Foul Technical",1,I13="Offensive Foul",1),"")} | AA13: {=IFERROR(_xlfn.IFS(I13="Foul Received",1),"")} | AB13: {=IFERROR(_xlfn.IFS(I13="Starting lineup",C13,I13="Substitution - In",C13),"")} | AC13: {=IFERROR(_xlfn.IFS(I13="Finishing lineup",C13,I13="Substitution - Out",C13),"")} | AD13: {=IF(AC13<>"",LOOKUP(2,1/((G$2:G12=G13)*(AB$2:AB12<>"")),AB$2:AB12)-AC13,"")} | AE13: {=IF(AC13<>"",LOOKUP(2,1/((G$2:G12=G13)*(AB$2:AB12<>"")),AB$2:AB12)-AC13,"")}
A14: 1 | B14: 13 | C14: 0.006712963 | D14: =MINUTE(C14) -> 9 | E14: =SECOND(C14) -> 40 | F14: MANRESA | G14: JM32 | H14: =_xlfn.XLOOKUP(G14,'1-Players'!$A$2:$A$27,'1-Players'!$D$2:$D$27,"") -> Retin Obasohan | I14: 2-Point Shot | J14: Made | K14: {=IFERROR(_xlfn.IFS(I14="Free Throw",1,I14="2-Point Shot",2,I14="Dunk",2,I14="3-Point Shot",3),"")} -> 2 | L14: {=IFERROR(_xlfn.IFS(J14="Made",1,J14="Missed",0),"")} -> 1 | M14: =IFERROR(K14*L14,"") -> 2 | N14: Pull-up | O14: MC | P14: 5 | Q14: S | R14: =IF(J14<>"Made","",IF(I15="Assist","S","N")) -> N | S14: {=IFERROR(_xlfn.IFS(I14="Offensive Rebound",1),"")} | T14: {=IFERROR(_xlfn.IFS(I14="Defensive Rebound",1),"")} | U14: {=IFERROR(_xlfn.IFS(I14="Assist",1),"")} | V14: {=IFERROR(_xlfn.IFS(I14="Turnover",1),"")} | W14: {=IFERROR(_xlfn.IFS(I14="Steal",1),"")} | X14: {=IFERROR(_xlfn.IFS(I14="Block",1),"")} | Y14: {=IFERROR(_xlfn.IFS(I14="Block Received",1),"")} | Z14: {=IFERROR(_xlfn.IFS(I14="Foul",1,I14="Foul Technical",1,I14="Offensive Foul",1),"")} | AA14: {=IFERROR(_xlfn.IFS(I14="Foul Received",1),"")} | AB14: {=IFERROR(_xlfn.IFS(I14="Starting lineup",C14,I14="Substitution - In",C14),"")} | AC14: {=IFERROR(_xlfn.IFS(I14="Finishing lineup",C14,I14="Substitution - Out",C14),"")} | AD14: {=IF(AC14<>"",LOOKUP(2,1/((G$2:G13=G14)*(AB$2:AB13<>"")),AB$2:AB13)-AC14,"")} | AE14: {=IF(AC14<>"",LOOKUP(2,1/((G$2:G13=G14)*(AB$2:AB13<>"")),AB$2:AB13)-AC14,"")}
A15: 1 | B15: 14 | C15: 0.0064351852 | D15: =MINUTE(C15) -> 9 | E15: =SECOND(C15) -> 16 | F15: LLEIDA | G15: JL12 | H15: =_xlfn.XLOOKUP(G15,'1-Players'!$A$2:$A$27,'1-Players'!$D$2:$D$27,"") -> Atoumane Diagne | I15: 2-Point Shot | J15: Made | K15: {=IFERROR(_xlfn.IFS(I15="Free Throw",1,I15="2-Point Shot",2,I15="Dunk",2,I15="3-Point Shot",3),"")} -> 2 | L15: {=IFERROR(_xlfn.IFS(J15="Made",1,J15="Missed",0),"")} -> 1 | M15: =IFERROR(K15*L15,"") -> 2 | N15: Lay-up | O15: PI | P15: 6 | Q15: S | R15: =IF(J15<>"Made","",IF(I16="Assist","S","N")) -> S | S15: {=IFERROR(_xlfn.IFS(I15="Offensive Rebound",1),"")} | T15: {=IFERROR(_xlfn.IFS(I15="Defensive Rebound",1),"")} | U15: {=IFERROR(_xlfn.IFS(I15="Assist",1),"")} | V15: {=IFERROR(_xlfn.IFS(I15="Turnover",1),"")} | W15: {=IFERROR(_xlfn.IFS(I15="Steal",1),"")} | X15: {=IFERROR(_xlfn.IFS(I15="Block",1),"")} | Y15: {=IFERROR(_xlfn.IFS(I15="Block Received",1),"")} | Z15: {=IFERROR(_xlfn.IFS(I15="Foul",1,I15="Foul Technical",1,I15="Offensive Foul",1),"")} | AA15: {=IFERROR(_xlfn.IFS(I15="Foul Received",1),"")} | AB15: {=IFERROR(_xlfn.IFS(I15="Starting lineup",C15,I15="Substitution - In",C15),"")} | AC15: {=IFERROR(_xlfn.IFS(I15="Finishing lineup",C15,I15="Substitution - Out",C15),"")} | AD15: {=IF(AC15<>"",LOOKUP(2,1/((G$2:G14=G15)*(AB$2:AB14<>"")),AB$2:AB14)-AC15,"")} | AE15: {=IF(AC15<>"",LOOKUP(2,1/((G$2:G14=G15)*(AB$2:AB14<>"")),AB$2:AB14)-AC15,"")}
A16: 1 | B16: 15 | C16: 0.0064351852 | D16: =MINUTE(C16) -> 9 | E16: =SECOND(C16) -> 16 | F16: LLEIDA | G16: JL01 | H16: =_xlfn.XLOOKUP(G16,'1-Players'!$A$2:$A$27,'1-Players'!$D$2:$D$27,"") -> James Batemon | I16: Assist | K16: {=IFERROR(_xlfn.IFS(I16="Free Throw",1,I16="2-Point Shot",2,I16="Dunk",2,I16="3-Point Shot",3),"")} | L16: {=IFERROR(_xlfn.IFS(J16="Made",1,J16="Missed",0),"")} | M16: =IFERROR(K16*L16,"") | R16: =IF(J16<>"Made","",IF(I17="Assist","S","N")) | S16: {=IFERROR(_xlfn.IFS(I16="Offensive Rebound",1),"")} | T16: {=IFERROR(_xlfn.IFS(I16="Defensive Rebound",1),"")} | U16: {=IFERROR(_xlfn.IFS(I16="Assist",1),"")} -> 1 | V16: {=IFERROR(_xlfn.IFS(I16="Turnover",1),"")} | W16: {=IFERROR(_xlfn.IFS(I16="Steal",1),"")} | X16: {=IFERROR(_xlfn.IFS(I16="Block",1),"")} | Y16: {=IFERROR(_xlfn.IFS(I16="Block Received",1),"")} | Z16: {=IFERROR(_xlfn.IFS(I16="Foul",1,I16="Foul Technical",1,I16="Offensive Foul",1),"")} | AA16: {=IFERROR(_xlfn.IFS(I16="Foul Received",1),"")} | AB16: {=IFERROR(_xlfn.IFS(I16="Starting lineup",C16,I16="Substitution - In",C16),"")} | AC16: {=IFERROR(_xlfn.IFS(I16="Finishing lineup",C16,I16="Substitution - Out",C16),"")} | AD16: {=IF(AC16<>"",LOOKUP(2,1/((G$2:G15=G16)*(AB$2:AB15<>"")),AB$2:AB15)-AC16,"")} | AE16: {=IF(AC16<>"",LOOKUP(2,1/((G$2:G15=G16)*(AB$2:AB15<>"")),AB$2:AB15)-AC16,"")}
A17: 1 | B17: 16 | C17: 0.0063310185 | D17: =MINUTE(C17) -> 9 | E17: =SECOND(C17) -> 7 | F17: MANRESA | G17: JM33 | H17: =_xlfn.XLOOKUP(G17,'1-Players'!$A$2:$A$27,'1-Players'!$D$2:$D$27,"") -> Grant Golden | I17: 2-Point Shot | J17: Made | K17: {=IFERROR(_xlfn.IFS(I17="Free Throw",1,I17="2-Point Shot",2,I17="Dunk",2,I17="3-Point Shot",3),"")} -> 2 | L17: {=IFERROR(_xlfn.IFS(J17="Made",1,J17="Missed",0),"")} -> 1 | M17: =IFERROR(K17*L17,"") -> 2 | N17: Floater | O17: PC | P17: 17 | Q17: S | R17: =IF(J17<>"Made","",IF(I18="Assist","S","N")) -> S | S17: {=IFERROR(_xlfn.IFS(I17="Offensive Rebound",1),"")} | T17: {=IFERROR(_xlfn.IFS(I17="Defensive Rebound",1),"")} | U17: {=IFERROR(_xlfn.IFS(I17="Assist",1),"")} | V17: {=IFERROR(_xlfn.IFS(I17="Turnover",1),"")} | W17: {=IFERROR(_xlfn.IFS(I17="Steal",1),"")} | X17: {=IFERROR(_xlfn.IFS(I17="Block",1),"")} | Y17: {=IFERROR(_xlfn.IFS(I17="Block Received",1),"")} | Z17: {=IFERROR(_xlfn.IFS(I17="Foul",1,I17="Foul Technical",1,I17="Offensive Foul",1),"")} | AA17: {=IFERROR(_xlfn.IFS(I17="Foul Received",1),"")} | AB17: {=IFERROR(_xlfn.IFS(I17="Starting lineup",C17,I17="Substitution - In",C17),"")} | AC17: {=IFERROR(_xlfn.IFS(I17="Finishing lineup",C17,I17="Substitution - Out",C17),"")} | AD17: {=IF(AC17<>"",LOOKUP(2,1/((G$2:G16=G17)*(AB$2:AB16<>"")),AB$2:AB16)-AC17,"")} | AE17: {=IF(AC17<>"",LOOKUP(2,1/((G$2:G16=G17)*(AB$2:AB16<>"")),AB$2:AB16)-AC17,"")}
A18: 1 | B18: 17 | C18: 0.0063310185 | D18: =MINUTE(C18) -> 9 | E18: =SECOND(C18) -> 7 | F18: MANRESA | G18: JM02 | H18: =_xlfn.XLOOKUP(G18,'1-Players'!$A$2:$A$27,'1-Players'!$D$2:$D$27,"") -> Hugo Benítez | I18: Assist | K18: {=IFERROR(_xlfn.IFS(I18="Free Throw",1,I18="2-Point Shot",2,I18="Dunk",2,I18="3-Point Shot",3),"")} | L18: {=IFERROR(_xlfn.IFS(J18="Made",1,J18="Missed",0),"")} | M18: =IFERROR(K18*L18,"") | R18: =IF(J18<>"Made","",IF(I19="Assist","S","N")) | S18: {=IFERROR(_xlfn.IFS(I18="Offensive Rebound",1),"")} | T18: {=IFERROR(_xlfn.IFS(I18="Defensive Rebound",1),"")} | U18: {=IFERROR(_xlfn.IFS(I18="Assist",1),"")} -> 1 | V18: {=IFERROR(_xlfn.IFS(I18="Turnover",1),"")} | W18: {=IFERROR(_xlfn.IFS(I18="Steal",1),"")} | X18: {=IFERROR(_xlfn.IFS(I18="Block",1),"")} | Y18: {=IFERROR(_xlfn.IFS(I18="Block Received",1),"")} | Z18: {=IFERROR(_xlfn.IFS(I18="Foul",1,I18="Foul Technical",1,I18="Offensive Foul",1),"")} | AA18: {=IFERROR(_xlfn.IFS(I18="Foul Received",1),"")} | AB18: {=IFERROR(_xlfn.IFS(I18="Starting lineup",C18,I18="Substitution - In",C18),"")} | AC18: {=IFERROR(_xlfn.IFS(I18="Finishing lineup",C18,I18="Substitution - Out",C18),"")} | AD18: {=IF(AC18<>"",LOOKUP(2,1/((G$2:G17=G18)*(AB$2:AB17<>"")),AB$2:AB17)-AC18,"")} | AE18: {=IF(AC18<>"",LOOKUP(2,1/((G$2:G17=G18)*(AB$2:AB17<>"")),AB$2:AB17)-AC18,"")}
A19: 1 | B19: 18 | C19: 0.0061458333 | D19: =MINUTE(C19) -> 8 | E19: =SECOND(C19) -> 51 | F19: LLEIDA | G19: JL12 | H19: =_xlfn.XLOOKUP(G19,'1-Players'!$A$2:$A$27,'1-Players'!$D$2:$D$27,"") -> Atoumane Diagne | I19: Dunk | J19: Made | K19: {=IFERROR(_xlfn.IFS(I19="Free Throw",1,I19="2-Point Shot",2,I19="Dunk",2,I19="3-Point Shot",3),"")} -> 2 | L19: {=IFERROR(_xlfn.IFS(J19="Made",1,J19="Missed",0),"")} -> 1 | M19: =IFERROR(K19*L19,"") -> 2 | N19: Dunk | O19: PD | P19: 16 | Q19: N | R19: =IF(J19<>"Made","",IF(I20="Assist","S","N")) -> S | S19: {=IFERROR(_xlfn.IFS(I19="Offensive Rebound",1),"")} | T19: {=IFERROR(_xlfn.IFS(I19="Defensive Rebound",1),"")} | U19: {=IFERROR(_xlfn.IFS(I19="Assist",1),"")} | V19: {=IFERROR(_xlfn.IFS(I19="Turnover",1),"")} | W19: {=IFERROR(_xlfn.IFS(I19="Steal",1),"")} | X19: {=IFERROR(_xlfn.IFS(I19="Block",1),"")} | Y19: {=IFERROR(_xlfn.IFS(I19="Block Received",1),"")} | Z19: {=IFERROR(_xlfn.IFS(I19="Foul",1,I19="Foul Technical",1,I19="Offensive Foul",1),"")} | AA19: {=IFERROR(_xlfn.IFS(I19="Foul Received",1),"")} | AB19: {=IFERROR(_xlfn.IFS(I19="Starting lineup",C19,I19="Substitution - In",C19),"")} | AC19: {=IFERROR(_xlfn.IFS(I19="Finishing lineup",C19,I19="Substitution - Out",C19),"")} | AD19: {=IF(AC19<>"",LOOKUP(2,1/((G$2:G18=G19)*(AB$2:AB18<>"")),AB$2:AB18)-AC19,"")} | AE19: {=IF(AC19<>"",LOOKUP(2,1/((G$2:G18=G19)*(AB$2:AB18<>"")),AB$2:AB18)-AC19,"")}
A20: 1 | B20: 19 | C20: 0.0061458333 | D20: =MINUTE(C20) -> 8 | E20: =SECOND(C20) -> 51 | F20: LLEIDA | G20: JL04 | H20: =_xlfn.XLOOKUP(G20,'1-Players'!$A$2:$A$27,'1-Players'!$D$2:$D$27,"") -> Caleb Agada | I20: Assist | K20: {=IFERROR(_xlfn.IFS(I20="Free Throw",1,I20="2-Point Shot",2,I20="Dunk",2,I20="3-Point Shot",3),"")} | L20: {=IFERROR(_xlfn.IFS(J20="Made",1,J20="Missed",0),"")} | M20: =IFERROR(K20*L20,"") | R20: =IF(J20<>"Made","",IF(I21="Assist","S","N")) | S20: {=IFERROR(_xlfn.IFS(I20="Offensive Rebound",1),"")} | T20: {=IFERROR(_xlfn.IFS(I20="Defensive Rebound",1),"")} | U20: {=IFERROR(_xlfn.IFS(I20="Assist",1),"")} -> 1 | V20: {=IFERROR(_xlfn.IFS(I20="Turnover",1),"")} | W20: {=IFERROR(_xlfn.IFS(I20="Steal",1),"")} | X20: {=IFERROR(_xlfn.IFS(I20="Block",1),"")} | Y20: {=IFERROR(_xlfn.IFS(I20="Block Received",1),"")} | Z20: {=IFERROR(_xlfn.IFS(I20="Foul",1,I20="Foul Technical",1,I20="Offensive Foul",1),"")} | AA20: {=IFERROR(_xlfn.IFS(I20="Foul Received",1),"")} | AB20: {=IFERROR(_xlfn.IFS(I20="Starting lineup",C20,I20="Substitution - In",C20),"")} | AC20: {=IFERROR(_xlfn.IFS(I20="Finishing lineup",C20,I20="Substitution - Out",C20),"")} | AD20: {=IF(AC20<>"",LOOKUP(2,1/((G$2:G19=G20)*(AB$2:AB19<>"")),AB$2:AB19)-AC20,"")} | AE20: {=IF(AC20<>"",LOOKUP(2,1/((G$2:G19=G20)*(AB$2:AB19<>"")),AB$2:AB19)-AC20,"")}
A21: 1 | B21: 20 | C21: 0.0059143519 | D21: =MINUTE(C21) -> 8 | E21: =SECOND(C21) -> 31 | F21: MANRESA | G21: JM02 | H21: =_xlfn.XLOOKUP(G21,'1-Players'!$A$2:$A$27,'1-Players'!$D$2:$D$27,"") -> Hugo Benítez | I21: 3-Point Shot | J21: Made | K21: {=IFERROR(_xlfn.IFS(I21="Free Throw",1,I21="2-Point Shot",2,I21="Dunk",2,I21="3-Point Shot",3),"")} -> 3 | L21: {=IFERROR(_xlfn.IFS(J21="Made",1,J21="Missed",0),"")} -> 1 | M21: =IFERROR(K21*L21,"") -> 3 | N21: Spot-up | O21: TI | P21: 9 | Q21: N | R21: =IF(J21<>"Made","",IF(I22="Assist","S","N")) -> S | S21: {=IFERROR(_xlfn.IFS(I21="Offensive Rebound",1),"")} | T21: {=IFERROR(_xlfn.IFS(I21="Defensive Rebound",1),"")} | U21: {=IFERROR(_xlfn.IFS(I21="Assist",1),"")} | V21: {=IFERROR(_xlfn.IFS(I21="Turnover",1),"")} | W21: {=IFERROR(_xlfn.IFS(I21="Steal",1),"")} | X21: {=IFERROR(_xlfn.IFS(I21="Block",1),"")} | Y21: {=IFERROR(_xlfn.IFS(I21="Block Received",1),"")} | Z21: {=IFERROR(_xlfn.IFS(I21="Foul",1,I21="Foul Technical",1,I21="Offensive Foul",1),"")} | AA21: {=IFERROR(_xlfn.IFS(I21="Foul Received",1),"")} | AB21: {=IFERROR(_xlfn.IFS(I21="Starting lineup",C21,I21="Substitution - In",C21),"")} | AC21: {=IFERROR(_xlfn.IFS(I21="Finishing lineup",C21,I21="Substitution - Out",C21),"")} | AD21: {=IF(AC21<>"",LOOKUP(2,1/((G$2:G20=G21)*(AB$2:AB20<>"")),AB$2:AB20)-AC21,"")} | AE21: {=IF(AC21<>"",LOOKUP(2,1/((G$2:G20=G21)*(AB$2:AB20<>"")),AB$2:AB20)-AC21,"")}
A22: 1 | B22: 21 | C22: 0.0061458333 | D22: =MINUTE(C22) -> 8 | E22: =SECOND(C22) -> 51 | F22: MANRESA | G22: JM32 | H22: =_xlfn.XLOOKUP(G22,'1-Players'!$A$2:$A$27,'1-Players'!$D$2:$D$27,"") -> Retin Obasohan | I22: Assist | K22: {=IFERROR(_xlfn.IFS(I22="Free Throw",1,I22="2-Point Shot",2,I22="Dunk",2,I22="3-Point Shot",3),"")} | L22: {=IFERROR(_xlfn.IFS(J22="Made",1,J22="Missed",0),"")} | M22: =IFERROR(K22*L22,"") | R22: =IF(J22<>"Made","",IF(I23="Assist","S","N")) | S22: {=IFERROR(_xlfn.IFS(I22="Offensive Rebound",1),"")} | T22: {=IFERROR(_xlfn.IFS(I22="Defensive Rebound",1),"")} | U22: {=IFERROR(_xlfn.IFS(I22="Assist",1),"")} -> 1 | V22: {=IFERROR(_xlfn.IFS(I22="Turnover",1),"")} | W22: {=IFERROR(_xlfn.IFS(I22="Steal",1),"")} | X22: {=IFERROR(_xlfn.IFS(I22="Block",1),"")} | Y22: {=IFERROR(_xlfn.IFS(I22="Block Received",1),"")} | Z22: {=IFERROR(_xlfn.IFS(I22="Foul",1,I22="Foul Technical",1,I22="Offensive Foul",1),"")} | AA22: {=IFERROR(_xlfn.IFS(I22="Foul Received",1),"")} | AB22: {=IFERROR(_xlfn.IFS(I22="Starting lineup",C22,I22="Substitution - In",C22),"")} | AC22: {=IFERROR(_xlfn.IFS(I22="Finishing lineup",C22,I22="Substitution - Out",C22),"")} | AD22: {=IF(AC22<>"",LOOKUP(2,1/((G$2:G21=G22)*(AB$2:AB21<>"")),AB$2:AB21)-AC22,"")} | AE22: {=IF(AC22<>"",LOOKUP(2,1/((G$2:G21=G22)*(AB$2:AB21<>"")),AB$2:AB21)-AC22,"")}
A23: 1 | B23: 22 | C23: 0.005625 | D23: =MINUTE(C23) -> 8 | E23: =SECOND(C23) -> 6 | F23: LLEIDA | G23: JL01 | H23: =_xlfn.XLOOKUP(G23,'1-Players'!$A$2:$A$27,'1-Players'!$D$2:$D$27,"") -> James Batemon | I23: 2-Point Shot | J23: Missed | K23: {=IFERROR(_xlfn.IFS(I23="Free Throw",1,I23="2-Point Shot",2,I23="Dunk",2,I23="3-Point Shot",3),"")} -> 2 | L23: {=IFERROR(_xlfn.IFS(J23="Made",1,J23="Missed",0),"")} -> 0 | M23: =IFERROR(K23*L23,"") -> 0 | N23: Lay-up | O23: PI | P23: 5 | Q23: S | R23: =IF(J23<>"Made","",IF(I24="Assist","S","N")) | S23: {=IFERROR(_xlfn.IFS(I23="Offensive Rebound",1),"")} | T23: {=IFERROR(_xlfn.IFS(I23="Defensive Rebound",1),"")} | U23: {=IFERROR(_xlfn.IFS(I23="Assist",1),"")} | V23: {=IFERROR(_xlfn.IFS(I23="Turnover",1),"")} | W23: {=IFERROR(_xlfn.IFS(I23="Steal",1),"")} | X23: {=IFERROR(_xlfn.IFS(I23="Block",1),"")} | Y23: {=IFERROR(_xlfn.IFS(I23="Block Received",1),"")} | Z23: {=IFERROR(_xlfn.IFS(I23="Foul",1,I23="Foul Technical",1,I23="Offensive Foul",1),"")} | AA23: {=IFERROR(_xlfn.IFS(I23="Foul Received",1),"")} | AB23: {=IFERROR(_xlfn.IFS(I23="Starting lineup",C23,I23="Substitution - In",C23),"")} | AC23: {=IFERROR(_xlfn.IFS(I23="Finishing lineup",C23,I23="Substitution - Out",C23),"")} | AD23: {=IF(AC23<>"",LOOKUP(2,1/((G$2:G22=G23)*(AB$2:AB22<>"")),AB$2:AB22)-AC23,"")} | AE23: {=IF(AC23<>"",LOOKUP(2,1/((G$2:G22=G23)*(AB$2:AB22<>"")),AB$2:AB22)-AC23,"")}
A24: 1 | B24: 23 | C24: 0.005625 | D24: =MINUTE(C24) -> 8 | E24: =SECOND(C24) -> 6 | F24: MANRESA | G24: JM08 | H24: =_xlfn.XLOOKUP(G24,'1-Players'!$A$2:$A$27,'1-Players'!$D$2:$D$27,"") -> Álex Reyes | I24: Defensive Rebound | K24: {=IFERROR(_xlfn.IFS(I24="Free Throw",1,I24="2-Point Shot",2,I24="Dunk",2,I24="3-Point Shot",3),"")} | L24: {=IFERROR(_xlfn.IFS(J24="Made",1,J24="Missed",0),"")} | M24: =IFERROR(K24*L24,"") | R24: =IF(J24<>"Made","",IF(I25="Assist","S","N")) | S24: {=IFERROR(_xlfn.IFS(I24="Offensive Rebound",1),"")} | T24: {=IFERROR(_xlfn.IFS(I24="Defensive Rebound",1),"")} -> 1 | U24: {=IFERROR(_xlfn.IFS(I24="Assist",1),"")} | V24: {=IFERROR(_xlfn.IFS(I24="Turnover",1),"")} | W24: {=IFERROR(_xlfn.IFS(I24="Steal",1),"")} | X24: {=IFERROR(_xlfn.IFS(I24="Block",1),"")} | Y24: {=IFERROR(_xlfn.IFS(I24="Block Received",1),"")} | Z24: {=IFERROR(_xlfn.IFS(I24="Foul",1,I24="Foul Technical",1,I24="Offensive Foul",1),"")} | AA24: {=IFERROR(_xlfn.IFS(I24="Foul Received",1),"")} | AB24: {=IFERROR(_xlfn.IFS(I24="Starting lineup",C24,I24="Substitution - In",C24),"")} | AC24: {=IFERROR(_xlfn.IFS(I24="Finishing lineup",C24,I24="Substitution - Out",C24),"")} | AD24: {=IF(AC24<>"",LOOKUP(2,1/((G$2:G23=G24)*(AB$2:AB23<>"")),AB$2:AB23)-AC24,"")} | AE24: {=IF(AC24<>"",LOOKUP(2,1/((G$2:G23=G24)*(AB$2:AB23<>"")),AB$2:AB23)-AC24,"")}
A25: 1 | B25: 24 | C25: 0.0055208333 | D25: =MINUTE(C25) -> 7 | E25: =SECOND(C25) -> 57 | F25: MANRESA | G25: JM08 | H25: =_xlfn.XLOOKUP(G25,'1-Players'!$A$2:$A$27,'1-Players'!$D$2:$D$27,"") -> Álex Reyes | I25: 3-Point Shot | J25: Made | K25: {=IFERROR(_xlfn.IFS(I25="Free Throw",1,I25="2-Point Shot",2,I25="Dunk",2,I25="3-Point Shot",3),"")} -> 3 | L25: {=IFERROR(_xlfn.IFS(J25="Made",1,J25="Missed",0),"")} -> 1 | M25: =IFERROR(K25*L25,"") -> 3 | N25: Catch&Shoot | O25: TD | P25: 16 | Q25: S | R25: =IF(J25<>"Made","",IF(I26="Assist","S","N")) -> S | S25: {=IFERROR(_xlfn.IFS(I25="Offensive Rebound",1),"")} | T25: {=IFERROR(_xlfn.IFS(I25="Defensive Rebound",1),"")} | U25: {=IFERROR(_xlfn.IFS(I25="Assist",1),"")} | V25: {=IFERROR(_xlfn.IFS(I25="Turnover",1),"")} | W25: {=IFERROR(_xlfn.IFS(I25="Steal",1),"")} | X25: {=IFERROR(_xlfn.IFS(I25="Block",1),"")} | Y25: {=IFERROR(_xlfn.IFS(I25="Block Received",1),"")} | Z25: {=IFERROR(_xlfn.IFS(I25="Foul",1,I25="Foul Technical",1,I25="Offensive Foul",1),"")} | AA25: {=IFERROR(_xlfn.IFS(I25="Foul Received",1),"")} | AB25: {=IFERROR(_xlfn.IFS(I25="Starting lineup",C25,I25="Substitution - In",C25),"")} | AC25: {=IFERROR(_xlfn.IFS(I25="Finishing lineup",C25,I25="Substitution - Out",C25),"")} | AD25: {=IF(AC25<>"",LOOKUP(2,1/((G$2:G24=G25)*(AB$2:AB24<>"")),AB$2:AB24)-AC25,"")} | AE25: {=IF(AC25<>"",LOOKUP(2,1/((G$2:G24=G25)*(AB$2:AB24<>"")),AB$2:AB24)-AC25,"")}
A26: 1 | B26: 25 | C26: 0.0055208333 | D26: =MINUTE(C26) -> 7 | E26: =SECOND(C26) -> 57 | F26: MANRESA | G26: JM33 | H26: =_xlfn.XLOOKUP(G26,'1-Players'!$A$2:$A$27,'1-Players'!$D$2:$D$27,"") -> Grant Golden | I26: Assist | K26: {=IFERROR(_xlfn.IFS(I26="Free Throw",1,I26="2-Point Shot",2,I26="Dunk",2,I26="3-Point Shot",3),"")} | L26: {=IFERROR(_xlfn.IFS(J26="Made",1,J26="Missed",0),"")} | M26: =IFERROR(K26*L26,"") | R26: =IF(J26<>"Made","",IF(I27="Assist","S","N")) | S26: {=IFERROR(_xlfn.IFS(I26="Offensive Rebound",1),"")} | T26: {=IFERROR(_xlfn.IFS(I26="Defensive Rebound",1),"")} | U26: {=IFERROR(_xlfn.IFS(I26="Assist",1),"")} -> 1 | V26: {=IFERROR(_xlfn.IFS(I26="Turnover",1),"")} | W26: {=IFERROR(_xlfn.IFS(I26="Steal",1),"")} | X26: {=IFERROR(_xlfn.IFS(I26="Block",1),"")} | Y26: {=IFERROR(_xlfn.IFS(I26="Block Received",1),"")} | Z26: {=IFERROR(_xlfn.IFS(I26="Foul",1,I26="Foul Technical",1,I26="Offensive Foul",1),"")} | AA26: {=IFERROR(_xlfn.IFS(I26="Foul Received",1),"")} | AB26: {=IFERROR(_xlfn.IFS(I26="Starting lineup",C26,I26="Substitution - In",C26),"")} | AC26: {=IFERROR(_xlfn.IFS(I26="Finishing lineup",C26,I26="Substitution - Out",C26),"")} | AD26: {=IF(AC26<>"",LOOKUP(2,1/((G$2:G25=G26)*(AB$2:AB25<>"")),AB$2:AB25)-AC26,"")} | AE26: {=IF(AC26<>"",LOOKUP(2,1/((G$2:G25=G26)*(AB$2:AB25<>"")),AB$2:AB25)-AC26,"")}
A27: 1 | B27: 26 | C27: 0.0052662037 | D27: =MINUTE(C27) -> 7 | E27: =SECOND(C27) -> 35 | F27: MANRESA | G27: JM02 | H27: =_xlfn.XLOOKUP(G27,'1-Players'!$A$2:$A$27,'1-Players'!$D$2:$D$27,"") -> Hugo Benítez | I27: Foul | J27: 2FT | K27: {=IFERROR(_xlfn.IFS(I27="Free Throw",1,I27="2-Point Shot",2,I27="Dunk",2,I27="3-Point Shot",3),"")} | L27: {=IFERROR(_xlfn.IFS(J27="Made",1,J27="Missed",0),"")} | M27: =IFERROR(K27*L27,"") | R27: =IF(J27<>"Made","",IF(I28="Assist","S","N")) | S27: {=IFERROR(_xlfn.IFS(I27="Offensive Rebound",1),"")} | T27: {=IFERROR(_xlfn.IFS(I27="Defensive Rebound",1),"")} | U27: {=IFERROR(_xlfn.IFS(I27="Assist",1),"")} | V27: {=IFERROR(_xlfn.IFS(I27="Turnover",1),"")} | W27: {=IFERROR(_xlfn.IFS(I27="Steal",1),"")} | X27: {=IFERROR(_xlfn.IFS(I27="Block",1),"")} | Y27: {=IFERROR(_xlfn.IFS(I27="Block Received",1),"")} | Z27: {=IFERROR(_xlfn.IFS(I27="Foul",1,I27="Foul Technical",1,I27="Offensive Foul",1),"")} -> 1 | AA27: {=IFERROR(_xlfn.IFS(I27="Foul Received",1),"")} | AB27: {=IFERROR(_xlfn.IFS(I27="Starting lineup",C27,I27="Substitution - In",C27),"")} | AC27: {=IFERROR(_xlfn.IFS(I27="Finishing lineup",C27,I27="Substitution - Out",C27),"")} | AD27: {=IF(AC27<>"",LOOKUP(2,1/((G$2:G26=G27)*(AB$2:AB26<>"")),AB$2:AB26)-AC27,"")} | AE27: {=IF(AC27<>"",LOOKUP(2,1/((G$2:G26=G27)*(AB$2:AB26<>"")),AB$2:AB26)-AC27,"")}
A28: 1 | B28: 27 | C28: 0.0052662037 | D28: =MINUTE(C28) -> 7 | E28: =SECOND(C28) -> 35 | F28: LLEIDA | G28: JL04 | H28: =_xlfn.XLOOKUP(G28,'1-Players'!$A$2:$A$27,'1-Players'!$D$2:$D$27,"") -> Caleb Agada | I28: Foul Received | K28: {=IFERROR(_xlfn.IFS(I28="Free Throw",1,I28="2-Point Shot",2,I28="Dunk",2,I28="3-Point Shot",3),"")} | L28: {=IFERROR(_xlfn.IFS(J28="Made",1,J28="Missed",0),"")} | M28: =IFERROR(K28*L28,"") | R28: =IF(J28<>"Made","",IF(I29="Assist","S","N")) | S28: {=IFERROR(_xlfn.IFS(I28="Offensive Rebound",1),"")} | T28: {=IFERROR(_xlfn.IFS(I28="Defensive Rebound",1),"")} | U28: {=IFERROR(_xlfn.IFS(I28="Assist",1),"")} | V28: {=IFERROR(_xlfn.IFS(I28="Turnover",1),"")} | W28: {=IFERROR(_xlfn.IFS(I28="Steal",1),"")} | X28: {=IFERROR(_xlfn.IFS(I28="Block",1),"")} | Y28: {=IFERROR(_xlfn.IFS(I28="Block Received",1),"")} | Z28: {=IFERROR(_xlfn.IFS(I28="Foul",1,I28="Foul Technical",1,I28="Offensive Foul",1),"")} | AA28: {=IFERROR(_xlfn.IFS(I28="Foul Received",1),"")} -> 1 | AB28: {=IFERROR(_xlfn.IFS(I28="Starting lineup",C28,I28="Substitution - In",C28),"")} | AC28: {=IFERROR(_xlfn.IFS(I28="Finishing lineup",C28,I28="Substitution - Out",C28),"")} | AD28: {=IF(AC28<>"",LOOKUP(2,1/((G$2:G27=G28)*(AB$2:AB27<>"")),AB$2:AB27)-AC28,"")} | AE28: {=IF(AC28<>"",LOOKUP(2,1/((G$2:G27=G28)*(AB$2:AB27<>"")),AB$2:AB27)-AC28,"")}
A29: 1 | B29: 28 | C29: 0.0052662037 | D29: =MINUTE(C29) -> 7 | E29: =SECOND(C29) -> 35 | F29: LLEIDA | G29: JL04 | H29: =_xlfn.XLOOKUP(G29,'1-Players'!$A$2:$A$27,'1-Players'!$D$2:$D$27,"") -> Caleb Agada | I29: Free Throw | J29: Made | K29: {=IFERROR(_xlfn.IFS(I29="Free Throw",1,I29="2-Point Shot",2,I29="Dunk",2,I29="3-Point Shot",3),"")} -> 1 | L29: {=IFERROR(_xlfn.IFS(J29="Made",1,J29="Missed",0),"")} -> 1 | M29: =IFERROR(K29*L29,"") -> 1 | R29: =IF(J29<>"Made","",IF(I30="Assist","S","N")) -> N | S29: {=IFERROR(_xlfn.IFS(I29="Offensive Rebound",1),"")} | T29: {=IFERROR(_xlfn.IFS(I29="Defensive Rebound",1),"")} | U29: {=IFERROR(_xlfn.IFS(I29="Assist",1),"")} | V29: {=IFERROR(_xlfn.IFS(I29="Turnover",1),"")} | W29: {=IFERROR(_xlfn.IFS(I29="Steal",1),"")} | X29: {=IFERROR(_xlfn.IFS(I29="Block",1),"")} | Y29: {=IFERROR(_xlfn.IFS(I29="Block Received",1),"")} | Z29: {=IFERROR(_xlfn.IFS(I29="Foul",1,I29="Foul Technical",1,I29="Offensive Foul",1),"")} | AA29: {=IFERROR(_xlfn.IFS(I29="Foul Received",1),"")} | AB29: {=IFERROR(_xlfn.IFS(I29="Starting lineup",C29,I29="Substitution - In",C29),"")} | AC29: {=IFERROR(_xlfn.IFS(I29="Finishing lineup",C29,I29="Substitution - Out",C29),"")} | AD29: {=IF(AC29<>"",LOOKUP(2,1/((G$2:G28=G29)*(AB$2:AB28<>"")),AB$2:AB28)-AC29,"")} | AE29: {=IF(AC29<>"",LOOKUP(2,1/((G$2:G28=G29)*(AB$2:AB28<>"")),AB$2:AB28)-AC29,"")}
A30: 1 | B30: 29 | C30: 0.0052662037 | D30: =MINUTE(C30) -> 7 | E30: =SECOND(C30) -> 35 | F30: LLEIDA | G30: JL04 | H30: =_xlfn.XLOOKUP(G30,'1-Players'!$A$2:$A$27,'1-Players'!$D$2:$D$27,"") -> Caleb Agada | I30: Free Throw | J30: Made | K30: {=IFERROR(_xlfn.IFS(I30="Free Throw",1,I30="2-Point Shot",2,I30="Dunk",2,I30="3-Point Shot",3),"")} -> 1 | L30: {=IFERROR(_xlfn.IFS(J30="Made",1,J30="Missed",0),"")} -> 1 | M30: =IFERROR(K30*L30,"") -> 1 | R30: =IF(J30<>"Made","",IF(I31="Assist","S","N")) -> N | S30: {=IFERROR(_xlfn.IFS(I30="Offensive Rebound",1),"")} | T30: {=IFERROR(_xlfn.IFS(I30="Defensive Rebound",1),"")} | U30: {=IFERROR(_xlfn.IFS(I30="Assist",1),"")} | V30: {=IFERROR(_xlfn.IFS(I30="Turnover",1),"")} | W30: {=IFERROR(_xlfn.IFS(I30="Steal",1),"")} | X30: {=IFERROR(_xlfn.IFS(I30="Block",1),"")} | Y30: {=IFERROR(_xlfn.IFS(I30="Block Received",1),"")} | Z30: {=IFERROR(_xlfn.IFS(I30="Foul",1,I30="Foul Technical",1,I30="Offensive Foul",1),"")} | AA30: {=IFERROR(_xlfn.IFS(I30="Foul Received",1),"")} | AB30: {=IFERROR(_xlfn.IFS(I30="Starting lineup",C30,I30="Substitution - In",C30),"")} | AC30: {=IFERROR(_xlfn.IFS(I30="Finishing lineup",C30,I30="Substitution - Out",C30),"")} | AD30: {=IF(AC30<>"",LOOKUP(2,1/((G$2:G29=G30)*(AB$2:AB29<>"")),AB$2:AB29)-AC30,"")} | AE30: {=IF(AC30<>"",LOOKUP(2,1/((G$2:G29=G30)*(AB$2:AB29<>"")),AB$2:AB29)-AC30,"")}
A31: 1 | B31: 30 | C31: 0.0052199074 | D31: =MINUTE(C31) -> 7 | E31: =SECOND(C31) -> 31 | F31: MANRESA | G31: JM12 | H31: =_xlfn.XLOOKUP(G31,'1-Players'!$A$2:$A$27,'1-Players'!$D$2:$D$27,"") -> Marcis Steinbergs | I31: 2-Point Shot | J31: Missed | K31: {=IFERROR(_xlfn.IFS(I31="Free Throw",1,I31="2-Point Shot",2,I31="Dunk",2,I31="3-Point Shot",3),"")} -> 2 | L31: {=IFERROR(_xlfn.IFS(J31="Made",1,J31="Missed",0),"")} -> 0 | M31: =IFERROR(K31*L31,"") -> 0 | N31: Floater | O31: MD | P31: 6 | Q31: S | R31: =IF(J31<>"Made","",IF(I32="Assist","S","N")) | S31: {=IFERROR(_xlfn.IFS(I31="Offensive Rebound",1),"")} | T31: {=IFERROR(_xlfn.IFS(I31="Defensive Rebound",1),"")} | U31: {=IFERROR(_xlfn.IFS(I31="Assist",1),"")} | V31: {=IFERROR(_xlfn.IFS(I31="Turnover",1),"")} | W31: {=IFERROR(_xlfn.IFS(I31="Steal",1),"")} | X31: {=IFERROR(_xlfn.IFS(I31="Block",1),"")} | Y31: {=IFERROR(_xlfn.IFS(I31="Block Received",1),"")} | Z31: {=IFERROR(_xlfn.IFS(I31="Foul",1,I31="Foul Technical",1,I31="Offensive Foul",1),"")} | AA31: {=IFERROR(_xlfn.IFS(I31="Foul Received",1),"")} | AB31: {=IFERROR(_xlfn.IFS(I31="Starting lineup",C31,I31="Substitution - In",C31),"")} | AC31: {=IFERROR(_xlfn.IFS(I31="Finishing lineup",C31,I31="Substitution - Out",C31),"")} | AD31: {=IF(AC31<>"",LOOKUP(2,1/((G$2:G30=G31)*(AB$2:AB30<>"")),AB$2:AB30)-AC31,"")} | AE31: {=IF(AC31<>"",LOOKUP(2,1/((G$2:G30=G31)*(AB$2:AB30<>"")),AB$2:AB30)-AC31,"")}
A32: 1 | B32: 31 | C32: 0.0052199074 | D32: =MINUTE(C32) -> 7 | E32: =SECOND(C32) -> 31 | F32: MANRESA | G32: JM12 | H32: =_xlfn.XLOOKUP(G32,'1-Players'!$A$2:$A$27,'1-Players'!$D$2:$D$27,"") -> Marcis Steinbergs | I32: Block Received | K32: {=IFERROR(_xlfn.IFS(I32="Free Throw",1,I32="2-Point Shot",2,I32="Dunk",2,I32="3-Point Shot",3),"")} | L32: {=IFERROR(_xlfn.IFS(J32="Made",1,J32="Missed",0),"")} | M32: =IFERROR(K32*L32,"") | R32: =IF(J32<>"Made","",IF(I33="Assist","S","N")) | S32: {=IFERROR(_xlfn.IFS(I32="Offensive Rebound",1),"")} | T32: {=IFERROR(_xlfn.IFS(I32="Defensive Rebound",1),"")} | U32: {=IFERROR(_xlfn.IFS(I32="Assist",1),"")} | V32: {=IFERROR(_xlfn.IFS(I32="Turnover",1),"")} | W32: {=IFERROR(_xlfn.IFS(I32="Steal",1),"")} | X32: {=IFERROR(_xlfn.IFS(I32="Block",1),"")} | Y32: {=IFERROR(_xlfn.IFS(I32="Block Received",1),"")} -> 1 | Z32: {=IFERROR(_xlfn.IFS(I32="Foul",1,I32="Foul Technical",1,I32="Offensive Foul",1),"")} | AA32: {=IFERROR(_xlfn.IFS(I32="Foul Received",1),"")} | AB32: {=IFERROR(_xlfn.IFS(I32="Starting lineup",C32,I32="Substitution - In",C32),"")} | AC32: {=IFERROR(_xlfn.IFS(I32="Finishing lineup",C32,I32="Substitution - Out",C32),"")} | AD32: {=IF(AC32<>"",LOOKUP(2,1/((G$2:G31=G32)*(AB$2:AB31<>"")),AB$2:AB31)-AC32,"")} | AE32: {=IF(AC32<>"",LOOKUP(2,1/((G$2:G31=G32)*(AB$2:AB31<>"")),AB$2:AB31)-AC32,"")}
A33: 1 | B33: 32 | C33: 0.0052199074 | D33: =MINUTE(C33) -> 7 | E33: =SECOND(C33) -> 31 | F33: LLEIDA | G33: JL14 | H33: =_xlfn.XLOOKUP(G33,'1-Players'!$A$2:$A$27,'1-Players'!$D$2:$D$27,"") -> Mikel Sanz | I33: Block | K33: {=IFERROR(_xlfn.IFS(I33="Free Throw",1,I33="2-Point Shot",2,I33="Dunk",2,I33="3-Point Shot",3),"")} | L33: {=IFERROR(_xlfn.IFS(J33="Made",1,J33="Missed",0),"")} | M33: =IFERROR(K33*L33,"") | R33: =IF(J33<>"Made","",IF(I34="Assist","S","N")) | S33: {=IFERROR(_xlfn.IFS(I33="Offensive Rebound",1),"")} | T33: {=IFERROR(_xlfn.IFS(I33="Defensive Rebound",1),"")} | U33: {=IFERROR(_xlfn.IFS(I33="Assist",1),"")} | V33: {=IFERROR(_xlfn.IFS(I33="Turnover",1),"")} | W33: {=IFERROR(_xlfn.IFS(I33="Steal",1),"")} | X33: {=IFERROR(_xlfn.IFS(I33="Block",1),"")} -> 1 | Y33: {=IFERROR(_xlfn.IFS(I33="Block Received",1),"")} | Z33: {=IFERROR(_xlfn.IFS(I33="Foul",1,I33="Foul Technical",1,I33="Offensive Foul",1),"")} | AA33: {=IFERROR(_xlfn.IFS(I33="Foul Received",1),"")} | AB33: {=IFERROR(_xlfn.IFS(I33="Starting lineup",C33,I33="Substitution - In",C33),"")} | AC33: {=IFERROR(_xlfn.IFS(I33="Finishing lineup",C33,I33="Substitution - Out",C33),"")} | AD33: {=IF(AC33<>"",LOOKUP(2,1/((G$2:G32=G33)*(AB$2:AB32<>"")),AB$2:AB32)-AC33,"")} | AE33: {=IF(AC33<>"",LOOKUP(2,1/((G$2:G32=G33)*(AB$2:AB32<>"")),AB$2:AB32)-AC33,"")}
A34: 1 | B34: 33 | C34: 0.0052199074 | D34: =MINUTE(C34) -> 7 | E34: =SECOND(C34) -> 31 | F34: MANRESA | G34: MAN | H34: =_xlfn.XLOOKUP(G34,'1-Players'!$A$2:$A$27,'1-Players'!$D$2:$D$27,"") -> TEAM - Manresa | I34: Offensive Rebound | K34: {=IFERROR(_xlfn.IFS(I34="Free Throw",1,I34="2-Point Shot",2,I34="Dunk",2,I34="3-Point Shot",3),"")} | L34: {=IFERROR(_xlfn.IFS(J34="Made",1,J34="Missed",0),"")} | M34: =IFERROR(K34*L34,"") | R34: =IF(J34<>"Made","",IF(I35="Assist","S","N")) | S34: {=IFERROR(_xlfn.IFS(I34="Offensive Rebound",1),"")} -> 1 | T34: {=IFERROR(_xlfn.IFS(I34="Defensive Rebound",1),"")} | U34: {=IFERROR(_xlfn.IFS(I34="Assist",1),"")} | V34: {=IFERROR(_xlfn.IFS(I34="Turnover",1),"")} | W34: {=IFERROR(_xlfn.IFS(I34="Steal",1),"")} | X34: {=IFERROR(_xlfn.IFS(I34="Block",1),"")} | Y34: {=IFERROR(_xlfn.IFS(I34="Block Received",1),"")} | Z34: {=IFERROR(_xlfn.IFS(I34="Foul",1,I34="Foul Technical",1,I34="Offensive Foul",1),"")} | AA34: {=IFERROR(_xlfn.IFS(I34="Foul Received",1),"")} | AB34: {=IFERROR(_xlfn.IFS(I34="Starting lineup",C34,I34="Substitution - In",C34),"")} | AC34: {=IFERROR(_xlfn.IFS(I34="Finishing lineup",C34,I34="Substitution - Out",C34),"")} | AD34: {=IF(AC34<>"",LOOKUP(2,1/((G$2:G33=G34)*(AB$2:AB33<>"")),AB$2:AB33)-AC34,"")} | AE34: {=IF(AC34<>"",LOOKUP(2,1/((G$2:G33=G34)*(AB$2:AB33<>"")),AB$2:AB33)-AC34,"")}
A35: 1 | B35: 34 | C35: 0.0052199074 | D35: =MINUTE(C35) -> 7 | E35: =SECOND(C35) -> 31 | F35: LLEIDA | G35: JL12 | H35: =_xlfn.XLOOKUP(G35,'1-Players'!$A$2:$A$27,'1-Players'!$D$2:$D$27,"") -> Atoumane Diagne | I35: Foul | K35: {=IFERROR(_xlfn.IFS(I35="Free Throw",1,I35="2-Point Shot",2,I35="Dunk",2,I35="3-Point Shot",3),"")} | L35: {=IFERROR(_xlfn.IFS(J35="Made",1,J35="Missed",0),"")} | M35: =IFERROR(K35*L35,"") | R35: =IF(J35<>"Made","",IF(I36="Assist","S","N")) | S35: {=IFERROR(_xlfn.IFS(I35="Offensive Rebound",1),"")} | T35: {=IFERROR(_xlfn.IFS(I35="Defensive Rebound",1),"")} | U35: {=IFERROR(_xlfn.IFS(I35="Assist",1),"")} | V35: {=IFERROR(_xlfn.IFS(I35="Turnover",1),"")} | W35: {=IFERROR(_xlfn.IFS(I35="Steal",1),"")} | X35: {=IFERROR(_xlfn.IFS(I35="Block",1),"")} | Y35: {=IFERROR(_xlfn.IFS(I35="Block Received",1),"")} | Z35: {=IFERROR(_xlfn.IFS(I35="Foul",1,I35="Foul Technical",1,I35="Offensive Foul",1),"")} -> 1 | AA35: {=IFERROR(_xlfn.IFS(I35="Foul Received",1),"")} | AB35: {=IFERROR(_xlfn.IFS(I35="Starting lineup",C35,I35="Substitution - In",C35),"")} | AC35: {=IFERROR(_xlfn.IFS(I35="Finishing lineup",C35,I35="Substitution - Out",C35),"")} | AD35: {=IF(AC35<>"",LOOKUP(2,1/((G$2:G34=G35)*(AB$2:AB34<>"")),AB$2:AB34)-AC35,"")} | AE35: {=IF(AC35<>"",LOOKUP(2,1/((G$2:G34=G35)*(AB$2:AB34<>"")),AB$2:AB34)-AC35,"")}
A36: 1 | B36: 35 | C36: 0.0052199074 | D36: =MINUTE(C36) -> 7 | E36: =SECOND(C36) -> 31 | F36: MANRESA | G36: JM08 | H36: =_xlfn.XLOOKUP(G36,'1-Players'!$A$2:$A$27,'1-Players'!$D$2:$D$27,"") -> Álex Reyes | I36: Foul Received | K36: {=IFERROR(_xlfn.IFS(I36="Free Throw",1,I36="2-Point Shot",2,I36="Dunk",2,I36="3-Point Shot",3),"")} | L36: {=IFERROR(_xlfn.IFS(J36="Made",1,J36="Missed",0),"")} | M36: =IFERROR(K36*L36,"") | R36: =IF(J36<>"Made","",IF(I37="Assist","S","N")) | S36: {=IFERROR(_xlfn.IFS(I36="Offensive Rebound",1),"")} | T36: {=IFERROR(_xlfn.IFS(I36="Defensive Rebound",1),"")} | U36: {=IFERROR(_xlfn.IFS(I36="Assist",1),"")} | V36: {=IFERROR(_xlfn.IFS(I36="Turnover",1),"")} | W36: {=IFERROR(_xlfn.IFS(I36="Steal",1),"")} | X36: {=IFERROR(_xlfn.IFS(I36="Block",1),"")} | Y36: {=IFERROR(_xlfn.IFS(I36="Block Received",1),"")} | Z36: {=IFERROR(_xlfn.IFS(I36="Foul",1,I36="Foul Technical",1,I36="Offensive Foul",1),"")} | AA36: {=IFERROR(_xlfn.IFS(I36="Foul Received",1),"")} -> 1 | AB36: {=IFERROR(_xlfn.IFS(I36="Starting lineup",C36,I36="Substitution - In",C36),"")} | AC36: {=IFERROR(_xlfn.IFS(I36="Finishing lineup",C36,I36="Substitution - Out",C36),"")} | AD36: {=IF(AC36<>"",LOOKUP(2,1/((G$2:G35=G36)*(AB$2:AB35<>"")),AB$2:AB35)-AC36,"")} | AE36: {=IF(AC36<>"",LOOKUP(2,1/((G$2:G35=G36)*(AB$2:AB35<>"")),AB$2:AB35)-AC36,"")}
A37: 1 | B37: 36 | C37: 0.0051157407 | D37: =MINUTE(C37) -> 7 | E37: =SECOND(C37) -> 22 | F37: MANRESA | G37: JM08 | H37: =_xlfn.XLOOKUP(G37,'1-Players'!$A$2:$A$27,'1-Players'!$D$2:$D$27,"") -> Álex Reyes | I37: 2-Point Shot | J37: Made | K37: {=IFERROR(_xlfn.IFS(I37="Free Throw",1,I37="2-Point Shot",2,I37="Dunk",2,I37="3-Point Shot",3),"")} -> 2 | L37: {=IFERROR(_xlfn.IFS(J37="Made",1,J37="Missed",0),"")} -> 1 | M37: =IFERROR(K37*L37,"") -> 2 | N37: Floater | O37: MC | P37: 5 | Q37: S | R37: =IF(J37<>"Made","",IF(I38="Assist","S","N")) -> S | S37: {=IFERROR(_xlfn.IFS(I37="Offensive Rebound",1),"")} | T37: {=IFERROR(_xlfn.IFS(I37="Defensive Rebound",1),"")} | U37: {=IFERROR(_xlfn.IFS(I37="Assist",1),"")} | V37: {=IFERROR(_xlfn.IFS(I37="Turnover",1),"")} | W37: {=IFERROR(_xlfn.IFS(I37="Steal",1),"")} | X37: {=IFERROR(_xlfn.IFS(I37="Block",1),"")} | Y37: {=IFERROR(_xlfn.IFS(I37="Block Received",1),"")} | Z37: {=IFERROR(_xlfn.IFS(I37="Foul",1,I37="Foul Technical",1,I37="Offensive Foul",1),"")} | AA37: {=IFERROR(_xlfn.IFS(I37="Foul Received",1),"")} | AB37: {=IFERROR(_xlfn.IFS(I37="Starting lineup",C37,I37="Substitution - In",C37),"")} | AC37: {=IFERROR(_xlfn.IFS(I37="Finishing lineup",C37,I37="Substitution - Out",C37),"")} | AD37: {=IF(AC37<>"",LOOKUP(2,1/((G$2:G36=G37)*(AB$2:AB36<>"")),AB$2:AB36)-AC37,"")} | AE37: {=IF(AC37<>"",LOOKUP(2,1/((G$2:G36=G37)*(AB$2:AB36<>"")),AB$2:AB36)-AC37,"")}
A38: 1 | B38: 37 | C38: 0.0051157407 | D38: =MINUTE(C38) -> 7 | E38: =SECOND(C38) -> 22 | F38: MANRESA | G38: JM02 | H38: =_xlfn.XLOOKUP(G38,'1-Players'!$A$2:$A$27,'1-Players'!$D$2:$D$27,"") -> Hugo Benítez | I38: Assist | K38: {=IFERROR(_xlfn.IFS(I38="Free Throw",1,I38="2-Point Shot",2,I38="Dunk",2,I38="3-Point Shot",3),"")} | L38: {=IFERROR(_xlfn.IFS(J38="Made",1,J38="Missed",0),"")} | M38: =IFERROR(K38*L38,"") | R38: =IF(J38<>"Made","",IF(I39="Assist","S","N")) | S38: {=IFERROR(_xlfn.IFS(I38="Offensive Rebound",1),"")} | T38: {=IFERROR(_xlfn.IFS(I38="Defensive Rebound",1),"")} | U38: {=IFERROR(_xlfn.IFS(I38="Assist",1),"")} -> 1 | V38: {=IFERROR(_xlfn.IFS(I38="Turnover",1),"")} | W38: {=IFERROR(_xlfn.IFS(I38="Steal",1),"")} | X38: {=IFERROR(_xlfn.IFS(I38="Block",1),"")} | Y38: {=IFERROR(_xlfn.IFS(I38="Block Received",1),"")} | Z38: {=IFERROR(_xlfn.IFS(I38="Foul",1,I38="Foul Technical",1,I38="Offensive Foul",1),"")} | AA38: {=IFERROR(_xlfn.IFS(I38="Foul Received",1),"")} | AB38: {=IFERROR(_xlfn.IFS(I38="Starting lineup",C38,I38="Substitution - In",C38),"")} | AC38: {=IFERROR(_xlfn.IFS(I38="Finishing lineup",C38,I38="Substitution - Out",C38),"")} | AD38: {=IF(AC38<>"",LOOKUP(2,1/((G$2:G37=G38)*(AB$2:AB37<>"")),AB$2:AB37)-AC38,"")} | AE38: {=IF(AC38<>"",LOOKUP(2,1/((G$2:G37=G38)*(AB$2:AB37<>"")),AB$2:AB37)-AC38,"")}
A39: 1 | B39: 38 | C39: 0.0048842593 | D39: =MINUTE(C39) -> 7 | E39: =SECOND(C39) -> 2 | F39: MANRESA | G39: JM32 | H39: =_xlfn.XLOOKUP(G39,'1-Players'!$A$2:$A$27,'1-Players'!$D$2:$D$27,"") -> Retin Obasohan | I39: Foul | J39: 2FT | K39: {=IFERROR(_xlfn.IFS(I39="Free Throw",1,I39="2-Point Shot",2,I39="Dunk",2,I39="3-Point Shot",3),"")} | L39: {=IFERROR(_xlfn.IFS(J39="Made",1,J39="Missed",0),"")} | M39: =IFERROR(K39*L39,"") | R39: =IF(J39<>"Made","",IF(I40="Assist","S","N")) | S39: {=IFERROR(_xlfn.IFS(I39="Offensive Rebound",1),"")} | T39: {=IFERROR(_xlfn.IFS(I39="Defensive Rebound",1),"")} | U39: {=IFERROR(_xlfn.IFS(I39="Assist",1),"")} | V39: {=IFERROR(_xlfn.IFS(I39="Turnover",1),"")} | W39: {=IFERROR(_xlfn.IFS(I39="Steal",1),"")} | X39: {=IFERROR(_xlfn.IFS(I39="Block",1),"")} | Y39: {=IFERROR(_xlfn.IFS(I39="Block Received",1),"")} | Z39: {=IFERROR(_xlfn.IFS(I39="Foul",1,I39="Foul Technical",1,I39="Offensive Foul",1),"")} -> 1 | AA39: {=IFERROR(_xlfn.IFS(I39="Foul Received",1),"")} | AB39: {=IFERROR(_xlfn.IFS(I39="Starting lineup",C39,I39="Substitution - In",C39),"")} | AC39: {=IFERROR(_xlfn.IFS(I39="Finishing lineup",C39,I39="Substitution - Out",C39),"")} | AD39: {=IF(AC39<>"",LOOKUP(2,1/((G$2:G38=G39)*(AB$2:AB38<>"")),AB$2:AB38)-AC39,"")} | AE39: {=IF(AC39<>"",LOOKUP(2,1/((G$2:G38=G39)*(AB$2:AB38<>"")),AB$2:AB38)-AC39,"")}
A40: 1 | B40: 39 | C40: 0.0048842593 | D40: =MINUTE(C40) -> 7 | E40: =SECOND(C40) -> 2 | F40: LLEIDA | G40: JL01 | H40: =_xlfn.XLOOKUP(G40,'1-Players'!$A$2:$A$27,'1-Players'!$D$2:$D$27,"") -> James Batemon | I40: Foul Received | K40: {=IFERROR(_xlfn.IFS(I40="Free Throw",1,I40="2-Point Shot",2,I40="Dunk",2,I40="3-Point Shot",3),"")} | L40: {=IFERROR(_xlfn.IFS(J40="Made",1,J40="Missed",0),"")} | M40: =IFERROR(K40*L40,"") | R40: =IF(J40<>"Made","",IF(I41="Assist","S","N")) | S40: {=IFERROR(_xlfn.IFS(I40="Offensive Rebound",1),"")} | T40: {=IFERROR(_xlfn.IFS(I40="Defensive Rebound",1),"")} | U40: {=IFERROR(_xlfn.IFS(I40="Assist",1),"")} | V40: {=IFERROR(_xlfn.IFS(I40="Turnover",1),"")} | W40: {=IFERROR(_xlfn.IFS(I40="Steal",1),"")} | X40: {=IFERROR(_xlfn.IFS(I40="Block",1),"")} | Y40: {=IFERROR(_xlfn.IFS(I40="Block Received",1),"")} | Z40: {=IFERROR(_xlfn.IFS(I40="Foul",1,I40="Foul Technical",1,I40="Offensive Foul",1),"")} | AA40: {=IFERROR(_xlfn.IFS(I40="Foul Received",1),"")} -> 1 | AB40: {=IFERROR(_xlfn.IFS(I40="Starting lineup",C40,I40="Substitution - In",C40),"")} | AC40: {=IFERROR(_xlfn.IFS(I40="Finishing lineup",C40,I40="Substitution - Out",C40),"")} | AD40: {=IF(AC40<>"",LOOKUP(2,1/((G$2:G39=G40)*(AB$2:AB39<>"")),AB$2:AB39)-AC40,"")} | AE40: {=IF(AC40<>"",LOOKUP(2,1/((G$2:G39=G40)*(AB$2:AB39<>"")),AB$2:AB39)-AC40,"")}
A41: 1 | B41: 40 | C41: 0.0048842593 | D41: =MINUTE(C41) -> 7 | E41: =SECOND(C41) -> 2 | F41: LLEIDA | G41: JL01 | H41: =_xlfn.XLOOKUP(G41,'1-Players'!$A$2:$A$27,'1-Players'!$D$2:$D$27,"") -> James Batemon | I41: Free Throw | J41: Missed | K41: {=IFERROR(_xlfn.IFS(I41="Free Throw",1,I41="2-Point Shot",2,I41="Dunk",2,I41="3-Point Shot",3),"")} -> 1 | L41: {=IFERROR(_xlfn.IFS(J41="Made",1,J41="Missed",0),"")} -> 0 | M41: =IFERROR(K41*L41,"") -> 0 | R41: =IF(J41<>"Made","",IF(I42="Assist","S","N")) | S41: {=IFERROR(_xlfn.IFS(I41="Offensive Rebound",1),"")} | T41: {=IFERROR(_xlfn.IFS(I41="Defensive Rebound",1),"")} | U41: {=IFERROR(_xlfn.IFS(I41="Assist",1),"")} | V41: {=IFERROR(_xlfn.IFS(I41="Turnover",1),"")} | W41: {=IFERROR(_xlfn.IFS(I41="Steal",1),"")} | X41: {=IFERROR(_xlfn.IFS(I41="Block",1),"")} | Y41: {=IFERROR(_xlfn.IFS(I41="Block Received",1),"")} | Z41: {=IFERROR(_xlfn.IFS(I41="Foul",1,I41="Foul Technical",1,I41="Offensive Foul",1),"")} | AA41: {=IFERROR(_xlfn.IFS(I41="Foul Received",1),"")} | AB41: {=IFERROR(_xlfn.IFS(I41="Starting lineup",C41,I41="Substitution - In",C41),"")} | AC41: {=IFERROR(_xlfn.IFS(I41="Finishing lineup",C41,I41="Substitution - Out",C41),"")} | AD41: {=IF(AC41<>"",LOOKUP(2,1/((G$2:G40=G41)*(AB$2:AB40<>"")),AB$2:AB40)-AC41,"")} | AE41: {=IF(AC41<>"",LOOKUP(2,1/((G$2:G40=G41)*(AB$2:AB40<>"")),AB$2:AB40)-AC41,"")}
A42: 1 | B42: 41 | C42: 0.0048842593 | D42: =MINUTE(C42) -> 7 | E42: =SECOND(C42) -> 2 | F42: LLEIDA | G42: JL01 | H42: =_xlfn.XLOOKUP(G42,'1-Players'!$A$2:$A$27,'1-Players'!$D$2:$D$27,"") -> James Batemon | I42: Free Throw | J42: Made | K42: {=IFERROR(_xlfn.IFS(I42="Free Throw",1,I42="2-Point Shot",2,I42="Dunk",2,I42="3-Point Shot",3),"")} -> 1 | L42: {=IFERROR(_xlfn.IFS(J42="Made",1,J42="Missed",0),"")} -> 1 | M42: =IFERROR(K42*L42,"") -> 1 | R42: =IF(J42<>"Made","",IF(I43="Assist","S","N")) -> N | S42: {=IFERROR(_xlfn.IFS(I42="Offensive Rebound",1),"")} | T42: {=IFERROR(_xlfn.IFS(I42="Defensive Rebound",1),"")} | U42: {=IFERROR(_xlfn.IFS(I42="Assist",1),"")} | V42: {=IFERROR(_xlfn.IFS(I42="Turnover",1),"")} | W42: {=IFERROR(_xlfn.IFS(I42="Steal",1),"")} | X42: {=IFERROR(_xlfn.IFS(I42="Block",1),"")} | Y42: {=IFERROR(_xlfn.IFS(I42="Block Received",1),"")} | Z42: {=IFERROR(_xlfn.IFS(I42="Foul",1,I42="Foul Technical",1,I42="Offensive Foul",1),"")} | AA42: {=IFERROR(_xlfn.IFS(I42="Foul Received",1),"")} | AB42: {=IFERROR(_xlfn.IFS(I42="Starting lineup",C42,I42="Substitution - In",C42),"")} | AC42: {=IFERROR(_xlfn.IFS(I42="Finishing lineup",C42,I42="Substitution - Out",C42),"")} | AD42: {=IF(AC42<>"",LOOKUP(2,1/((G$2:G41=G42)*(AB$2:AB41<>"")),AB$2:AB41)-AC42,"")} | AE42: {=IF(AC42<>"",LOOKUP(2,1/((G$2:G41=G42)*(AB$2:AB41<>"")),AB$2:AB41)-AC42,"")}
A43: 1 | B43: 42 | C43: 0.0046990741 | D43: =MINUTE(C43) -> 6 | E43: =SECOND(C43) -> 46 | F43: LLEIDA | G43: JL12 | H43: =_xlfn.XLOOKUP(G43,'1-Players'!$A$2:$A$27,'1-Players'!$D$2:$D$27,"") -> Atoumane Diagne | I43: Foul | J43: 2FT | K43: {=IFERROR(_xlfn.IFS(I43="Free Throw",1,I43="2-Point Shot",2,I43="Dunk",2,I43="3-Point Shot",3),"")} | L43: {=IFERROR(_xlfn.IFS(J43="Made",1,J43="Missed",0),"")} | M43: =IFERROR(K43*L43,"") | R43: =IF(J43<>"Made","",IF(I44="Assist","S","N")) | S43: {=IFERROR(_xlfn.IFS(I43="Offensive Rebound",1),"")} | T43: {=IFERROR(_xlfn.IFS(I43="Defensive Rebound",1),"")} | U43: {=IFERROR(_xlfn.IFS(I43="Assist",1),"")} | V43: {=IFERROR(_xlfn.IFS(I43="Turnover",1),"")} | W43: {=IFERROR(_xlfn.IFS(I43="Steal",1),"")} | X43: {=IFERROR(_xlfn.IFS(I43="Block",1),"")} | Y43: {=IFERROR(_xlfn.IFS(I43="Block Received",1),"")} | Z43: {=IFERROR(_xlfn.IFS(I43="Foul",1,I43="Foul Technical",1,I43="Offensive Foul",1),"")} -> 1 | AA43: {=IFERROR(_xlfn.IFS(I43="Foul Received",1),"")} | AB43: {=IFERROR(_xlfn.IFS(I43="Starting lineup",C43,I43="Substitution - In",C43),"")} | AC43: {=IFERROR(_xlfn.IFS(I43="Finishing lineup",C43,I43="Substitution - Out",C43),"")} | AD43: {=IF(AC43<>"",LOOKUP(2,1/((G$2:G42=G43)*(AB$2:AB42<>"")),AB$2:AB42)-AC43,"")} | AE43: {=IF(AC43<>"",LOOKUP(2,1/((G$2:G42=G43)*(AB$2:AB42<>"")),AB$2:AB42)-AC43,"")}
A44: 1 | B44: 43 | C44: 0.0046990741 | D44: =MINUTE(C44) -> 6 | E44: =SECOND(C44) -> 46 | F44: MANRESA | G44: JM02 | H44: =_xlfn.XLOOKUP(G44,'1-Players'!$A$2:$A$27,'1-Players'!$D$2:$D$27,"") -> Hugo Benítez | I44: Foul Received | K44: {=IFERROR(_xlfn.IFS(I44="Free Throw",1,I44="2-Point Shot",2,I44="Dunk",2,I44="3-Point Shot",3),"")} | L44: {=IFERROR(_xlfn.IFS(J44="Made",1,J44="Missed",0),"")} | M44: =IFERROR(K44*L44,"") | R44: =IF(J44<>"Made","",IF(I45="Assist","S","N")) | S44: {=IFERROR(_xlfn.IFS(I44="Offensive Rebound",1),"")} | T44: {=IFERROR(_xlfn.IFS(I44="Defensive Rebound",1),"")} | U44: {=IFERROR(_xlfn.IFS(I44="Assist",1),"")} | V44: {=IFERROR(_xlfn.IFS(I44="Turnover",1),"")} | W44: {=IFERROR(_xlfn.IFS(I44="Steal",1),"")} | X44: {=IFERROR(_xlfn.IFS(I44="Block",1),"")} | Y44: {=IFERROR(_xlfn.IFS(I44="Block Received",1),"")} | Z44: {=IFERROR(_xlfn.IFS(I44="Foul",1,I44="Foul Technical",1,I44="Offensive Foul",1),"")} | AA44: {=IFERROR(_xlfn.IFS(I44="Foul Received",1),"")} -> 1 | AB44: {=IFERROR(_xlfn.IFS(I44="Starting lineup",C44,I44="Substitution - In",C44),"")} | AC44: {=IFERROR(_xlfn.IFS(I44="Finishing lineup",C44,I44="Substitution - Out",C44),"")} | AD44: {=IF(AC44<>"",LOOKUP(2,1/((G$2:G43=G44)*(AB$2:AB43<>"")),AB$2:AB43)-AC44,"")} | AE44: {=IF(AC44<>"",LOOKUP(2,1/((G$2:G43=G44)*(AB$2:AB43<>"")),AB$2:AB43)-AC44,"")}
A45: 1 | B45: 44 | C45: 0.0046990741 | D45: =MINUTE(C45) -> 6 | E45: =SECOND(C45) -> 46 | F45: LLEIDA | G45: JL12 | H45: =_xlfn.XLOOKUP(G45,'1-Players'!$A$2:$A$27,'1-Players'!$D$2:$D$27,"") -> Atoumane Diagne | I45: Substitution - Out | K45: {=IFERROR(_xlfn.IFS(I45="Free Throw",1,I45="2-Point Shot",2,I45="Dunk",2,I45="3-Point Shot",3),"")} | L45: {=IFERROR(_xlfn.IFS(J45="Made",1,J45="Missed",0),"")} | M45: =IFERROR(K45*L45,"") | R45: =IF(J45<>"Made","",IF(I46="Assist","S","N")) | S45: {=IFERROR(_xlfn.IFS(I45="Offensive Rebound",1),"")} | T45: {=IFERROR(_xlfn.IFS(I45="Defensive Rebound",1),"")} | U45: {=IFERROR(_xlfn.IFS(I45="Assist",1),"")} | V45: {=IFERROR(_xlfn.IFS(I45="Turnover",1),"")} | W45: {=IFERROR(_xlfn.IFS(I45="Steal",1),"")} | X45: {=IFERROR(_xlfn.IFS(I45="Block",1),"")} | Y45: {=IFERROR(_xlfn.IFS(I45="Block Received",1),"")} | Z45: {=IFERROR(_xlfn.IFS(I45="Foul",1,I45="Foul Technical",1,I45="Offensive Foul",1),"")} | AA45: {=IFERROR(_xlfn.IFS(I45="Foul Received",1),"")} | AB45: {=IFERROR(_xlfn.IFS(I45="Starting lineup",C45,I45="Substitution - In",C45),"")} | AC45: {=IFERROR(_xlfn.IFS(I45="Finishing lineup",C45,I45="Substitution - Out",C45),"")} -> 0.0046990741 | AD45: {=IF(AC45<>"",LOOKUP(2,1/((G$2:G44=G45)*(AB$2:AB44<>"")),AB$2:AB44)-AC45,"")} -> 0.0022453704 | AE45: {=IF(AC45<>"",LOOKUP(2,1/((G$2:G44=G45)*(AB$2:AB44<>"")),AB$2:AB44)-AC45,"")} -> 0.0022453704
A46: 1 | B46: 45 | C46: 0.0046990741 | D46: =MINUTE(C46) -> 6 | E46: =SECOND(C46) -> 46 | F46: LLEIDA | G46: JL07 | H46: =_xlfn.XLOOKUP(G46,'1-Players'!$A$2:$A$27,'1-Players'!$D$2:$D$27,"") -> Gyorgy Golomán | I46: Substitution - In | K46: {=IFERROR(_xlfn.IFS(I46="Free Throw",1,I46="2-Point Shot",2,I46="Dunk",2,I46="3-Point Shot",3),"")} | L46: {=IFERROR(_xlfn.IFS(J46="Made",1,J46="Missed",0),"")} | M46: =IFERROR(K46*L46,"") | R46: =IF(J46<>"Made","",IF(I47="Assist","S","N")) | S46: {=IFERROR(_xlfn.IFS(I46="Offensive Rebound",1),"")} | T46: {=IFERROR(_xlfn.IFS(I46="Defensive Rebound",1),"")} | U46: {=IFERROR(_xlfn.IFS(I46="Assist",1),"")} | V46: {=IFERROR(_xlfn.IFS(I46="Turnover",1),"")} | W46: {=IFERROR(_xlfn.IFS(I46="Steal",1),"")} | X46: {=IFERROR(_xlfn.IFS(I46="Block",1),"")} | Y46: {=IFERROR(_xlfn.IFS(I46="Block Received",1),"")} | Z46: {=IFERROR(_xlfn.IFS(I46="Foul",1,I46="Foul Technical",1,I46="Offensive Foul",1),"")} | AA46: {=IFERROR(_xlfn.IFS(I46="Foul Received",1),"")} | AB46: {=IFERROR(_xlfn.IFS(I46="Starting lineup",C46,I46="Substitution - In",C46),"")} -> 0.0046990741 | AC46: {=IFERROR(_xlfn.IFS(I46="Finishing lineup",C46,I46="Substitution - Out",C46),"")} | AD46: {=IF(AC46<>"",LOOKUP(2,1/((G$2:G45=G46)*(AB$2:AB45<>"")),AB$2:AB45)-AC46,"")} | AE46: {=IF(AC46<>"",LOOKUP(2,1/((G$2:G45=G46)*(AB$2:AB45<>"")),AB$2:AB45)-AC46,"")}
A47: 1 | B47: 46 | C47: 0.0046990741 | D47: =MINUTE(C47) -> 6 | E47: =SECOND(C47) -> 46 | F47: MANRESA | G47: JM02 | H47: =_xlfn.XLOOKUP(G47,'1-Players'!$A$2:$A$27,'1-Players'!$D$2:$D$27,"") -> Hugo Benítez | I47: Free Throw | J47: Made | K47: {=IFERROR(_xlfn.IFS(I47="Free Throw",1,I47="2-Point Shot",2,I47="Dunk",2,I47="3-Point Shot",3),"")} -> 1 | L47: {=IFERROR(_xlfn.IFS(J47="Made",1,J47="Missed",0),"")} -> 1 | M47: =IFERROR(K47*L47,"") -> 1 | R47: =IF(J47<>"Made","",IF(I48="Assist","S","N")) -> N | S47: {=IFERROR(_xlfn.IFS(I47="Offensive Rebound",1),"")} | T47: {=IFERROR(_xlfn.IFS(I47="Defensive Rebound",1),"")} | U47: {=IFERROR(_xlfn.IFS(I47="Assist",1),"")} | V47: {=IFERROR(_xlfn.IFS(I47="Turnover",1),"")} | W47: {=IFERROR(_xlfn.IFS(I47="Steal",1),"")} | X47: {=IFERROR(_xlfn.IFS(I47="Block",1),"")} | Y47: {=IFERROR(_xlfn.IFS(I47="Block Received",1),"")} | Z47: {=IFERROR(_xlfn.IFS(I47="Foul",1,I47="Foul Technical",1,I47="Offensive Foul",1),"")} | AA47: {=IFERROR(_xlfn.IFS(I47="Foul Received",1),"")} | AB47: {=IFERROR(_xlfn.IFS(I47="Starting lineup",C47,I47="Substitution - In",C47),"")} | AC47: {=IFERROR(_xlfn.IFS(I47="Finishing lineup",C47,I47="Substitution - Out",C47),"")} | AD47: {=IF(AC47<>"",LOOKUP(2,1/((G$2:G46=G47)*(AB$2:AB46<>"")),AB$2:AB46)-AC47,"")} | AE47: {=IF(AC47<>"",LOOKUP(2,1/((G$2:G46=G47)*(AB$2:AB46<>"")),AB$2:AB46)-AC47,"")}
A48: 1 | B48: 47 | C48: 0.0046990741 | D48: =MINUTE(C48) -> 6 | E48: =SECOND(C48) -> 46 | F48: MANRESA | G48: JM02 | H48: =_xlfn.XLOOKUP(G48,'1-Players'!$A$2:$A$27,'1-Players'!$D$2:$D$27,"") -> Hugo Benítez | I48: Free Throw | J48: Made | K48: {=IFERROR(_xlfn.IFS(I48="Free Throw",1,I48="2-Point Shot",2,I48="Dunk",2,I48="3-Point Shot",3),"")} -> 1 | L48: {=IFERROR(_xlfn.IFS(J48="Made",1,J48="Missed",0),"")} -> 1 | M48: =IFERROR(K48*L48,"") -> 1 | R48: =IF(J48<>"Made","",IF(I49="Assist","S","N")) -> N | S48: {=IFERROR(_xlfn.IFS(I48="Offensive Rebound",1),"")} | T48: {=IFERROR(_xlfn.IFS(I48="Defensive Rebound",1),"")} | U48: {=IFERROR(_xlfn.IFS(I48="Assist",1),"")} | V48: {=IFERROR(_xlfn.IFS(I48="Turnover",1),"")} | W48: {=IFERROR(_xlfn.IFS(I48="Steal",1),"")} | X48: {=IFERROR(_xlfn.IFS(I48="Block",1),"")} | Y48: {=IFERROR(_xlfn.IFS(I48="Block Received",1),"")} | Z48: {=IFERROR(_xlfn.IFS(I48="Foul",1,I48="Foul Technical",1,I48="Offensive Foul",1),"")} | AA48: {=IFERROR(_xlfn.IFS(I48="Foul Received",1),"")} | AB48: {=IFERROR(_xlfn.IFS(I48="Starting lineup",C48,I48="Substitution - In",C48),"")} | AC48: {=IFERROR(_xlfn.IFS(I48="Finishing lineup",C48,I48="Substitution - Out",C48),"")} | AD48: {=IF(AC48<>"",LOOKUP(2,1/((G$2:G47=G48)*(AB$2:AB47<>"")),AB$2:AB47)-AC48,"")} | AE48: {=IF(AC48<>"",LOOKUP(2,1/((G$2:G47=G48)*(AB$2:AB47<>"")),AB$2:AB47)-AC48,"")}
A49: 1 | B49: 48 | C49: 0.0046990741 | D49: =MINUTE(C49) -> 6 | E49: =SECOND(C49) -> 46 | F49: MANRESA | G49: JM12 | H49: =_xlfn.XLOOKUP(G49,'1-Players'!$A$2:$A$27,'1-Players'!$D$2:$D$27,"") -> Marcis Steinbergs | I49: Substitution - Out | K49: {=IFERROR(_xlfn.IFS(I49="Free Throw",1,I49="2-Point Shot",2,I49="Dunk",2,I49="3-Point Shot",3),"")} | L49: {=IFERROR(_xlfn.IFS(J49="Made",1,J49="Missed",0),"")} | M49: =IFERROR(K49*L49,"") | R49: =IF(J49<>"Made","",IF(I50="Assist","S","N")) | S49: {=IFERROR(_xlfn.IFS(I49="Offensive Rebound",1),"")} | T49: {=IFERROR(_xlfn.IFS(I49="Defensive Rebound",1),"")} | U49: {=IFERROR(_xlfn.IFS(I49="Assist",1),"")} | V49: {=IFERROR(_xlfn.IFS(I49="Turnover",1),"")} | W49: {=IFERROR(_xlfn.IFS(I49="Steal",1),"")} | X49: {=IFERROR(_xlfn.IFS(I49="Block",1),"")} | Y49: {=IFERROR(_xlfn.IFS(I49="Block Received",1),"")} | Z49: {=IFERROR(_xlfn.IFS(I49="Foul",1,I49="Foul Technical",1,I49="Offensive Foul",1),"")} | AA49: {=IFERROR(_xlfn.IFS(I49="Foul Received",1),"")} | AB49: {=IFERROR(_xlfn.IFS(I49="Starting lineup",C49,I49="Substitution - In",C49),"")} | AC49: {=IFERROR(_xlfn.IFS(I49="Finishing lineup",C49,I49="Substitution - Out",C49),"")} -> 0.0046990741 | AD49: {=IF(AC49<>"",LOOKUP(2,1/((G$2:G48=G49)*(AB$2:AB48<>"")),AB$2:AB48)-AC49,"")} -> 0.0022453704 | AE49: {=IF(AC49<>"",LOOKUP(2,1/((G$2:G48=G49)*(AB$2:AB48<>"")),AB$2:AB48)-AC49,"")} -> 0.0022453704
A50: 1 | B50: 49 | C50: 0.0046990741 | D50: =MINUTE(C50) -> 6 | E50: =SECOND(C50) -> 46 | F50: MANRESA | G50: JM19 | H50: =_xlfn.XLOOKUP(G50,'1-Players'!$A$2:$A$27,'1-Players'!$D$2:$D$27,"") -> Louis Olinde | I50: Substitution - In | K50: {=IFERROR(_xlfn.IFS(I50="Free Throw",1,I50="2-Point Shot",2,I50="Dunk",2,I50="3-Point Shot",3),"")} | L50: {=IFERROR(_xlfn.IFS(J50="Made",1,J50="Missed",0),"")} | M50: =IFERROR(K50*L50,"") | R50: =IF(J50<>"Made","",IF(I51="Assist","S","N")) | S50: {=IFERROR(_xlfn.IFS(I50="Offensive Rebound",1),"")} | T50: {=IFERROR(_xlfn.IFS(I50="Defensive Rebound",1),"")} | U50: {=IFERROR(_xlfn.IFS(I50="Assist",1),"")} | V50: {=IFERROR(_xlfn.IFS(I50="Turnover",1),"")} | W50: {=IFERROR(_xlfn.IFS(I50="Steal",1),"")} | X50: {=IFERROR(_xlfn.IFS(I50="Block",1),"")} | Y50: {=IFERROR(_xlfn.IFS(I50="Block Received",1),"")} | Z50: {=IFERROR(_xlfn.IFS(I50="Foul",1,I50="Foul Technical",1,I50="Offensive Foul",1),"")} | AA50: {=IFERROR(_xlfn.IFS(I50="Foul Received",1),"")} | AB50: {=IFERROR(_xlfn.IFS(I50="Starting lineup",C50,I50="Substitution - In",C50),"")} -> 0.0046990741 | AC50: {=IFERROR(_xlfn.IFS(I50="Finishing lineup",C50,I50="Substitution - Out",C50),"")} | AD50: {=IF(AC50<>"",LOOKUP(2,1/((G$2:G49=G50)*(AB$2:AB49<>"")),AB$2:AB49)-AC50,"")} | AE50: {=IF(AC50<>"",LOOKUP(2,1/((G$2:G49=G50)*(AB$2:AB49<>"")),AB$2:AB49)-AC50,"")}
A51: 1 | B51: 50 | C51: 0.0045601852 | D51: =MINUTE(C51) -> 6 | E51: =SECOND(C51) -> 34 | F51: LLEIDA | G51: JL04 | H51: =_xlfn.XLOOKUP(G51,'1-Players'!$A$2:$A$27,'1-Players'!$D$2:$D$27,"") -> Caleb Agada | I51: 2-Point Shot | J51: Made | K51: {=IFERROR(_xlfn.IFS(I51="Free Throw",1,I51="2-Point Shot",2,I51="Dunk",2,I51="3-Point Shot",3),"")} -> 2 | L51: {=IFERROR(_xlfn.IFS(J51="Made",1,J51="Missed",0),"")} -> 1 | M51: =IFERROR(K51*L51,"") -> 2 | N51: Lay-up | O51: PI | P51: 16 | Q51: N | R51: =IF(J51<>"Made","",IF(I52="Assist","S","N")) -> N | S51: {=IFERROR(_xlfn.IFS(I51="Offensive Rebound",1),"")} | T51: {=IFERROR(_xlfn.IFS(I51="Defensive Rebound",1),"")} | U51: {=IFERROR(_xlfn.IFS(I51="Assist",1),"")} | V51: {=IFERROR(_xlfn.IFS(I51="Turnover",1),"")} | W51: {=IFERROR(_xlfn.IFS(I51="Steal",1),"")} | X51: {=IFERROR(_xlfn.IFS(I51="Block",1),"")} | Y51: {=IFERROR(_xlfn.IFS(I51="Block Received",1),"")} | Z51: {=IFERROR(_xlfn.IFS(I51="Foul",1,I51="Foul Technical",1,I51="Offensive Foul",1),"")} | AA51: {=IFERROR(_xlfn.IFS(I51="Foul Received",1),"")} | AB51: {=IFERROR(_xlfn.IFS(I51="Starting lineup",C51,I51="Substitution - In",C51),"")} | AC51: {=IFERROR(_xlfn.IFS(I51="Finishing lineup",C51,I51="Substitution - Out",C51),"")} | AD51: {=IF(AC51<>"",LOOKUP(2,1/((G$2:G50=G51)*(AB$2:AB50<>"")),AB$2:AB50)-AC51,"")} | AE51: {=IF(AC51<>"",LOOKUP(2,1/((G$2:G50=G51)*(AB$2:AB50<>"")),AB$2:AB50)-AC51,"")}
A52: 1 | B52: 51 | C52: 0.0043981481 | D52: =MINUTE(C52) -> 6 | E52: =SECOND(C52) -> 20 | F52: MANRESA | G52: JM33 | H52: =_xlfn.XLOOKUP(G52,'1-Players'!$A$2:$A$27,'1-Players'!$D$2:$D$27,"") -> Grant Golden | I52: 2-Point Shot | J52: Missed | K52: {=IFERROR(_xlfn.IFS(I52="Free Throw",1,I52="2-Point Shot",2,I52="Dunk",2,I52="3-Point Shot",3),"")} -> 2 | L52: {=IFERROR(_xlfn.IFS(J52="Made",1,J52="Missed",0),"")} -> 0 | M52: =IFERROR(K52*L52,"") -> 0 | N52: Catch&Shoot | O52: MC | P52: 12 | Q52: N | R52: =IF(J52<>"Made","",IF(I53="Assist","S","N")) | S52: {=IFERROR(_xlfn.IFS(I52="Offensive Rebound",1),"")} | T52: {=IFERROR(_xlfn.IFS(I52="Defensive Rebound",1),"")} | U52: {=IFERROR(_xlfn.IFS(I52="Assist",1),"")} | V52: {=IFERROR(_xlfn.IFS(I52="Turnover",1),"")} | W52: {=IFERROR(_xlfn.IFS(I52="Steal",1),"")} | X52: {=IFERROR(_xlfn.IFS(I52="Block",1),"")} | Y52: {=IFERROR(_xlfn.IFS(I52="Block Received",1),"")} | Z52: {=IFERROR(_xlfn.IFS(I52="Foul",1,I52="Foul Technical",1,I52="Offensive Foul",1),"")} | AA52: {=IFERROR(_xlfn.IFS(I52="Foul Received",1),"")} | AB52: {=IFERROR(_xlfn.IFS(I52="Starting lineup",C52,I52="Substitution - In",C52),"")} | AC52: {=IFERROR(_xlfn.IFS(I52="Finishing lineup",C52,I52="Substitution - Out",C52),"")} | AD52: {=IF(AC52<>"",LOOKUP(2,1/((G$2:G51=G52)*(AB$2:AB51<>"")),AB$2:AB51)-AC52,"")} | AE52: {=IF(AC52<>"",LOOKUP(2,1/((G$2:G51=G52)*(AB$2:AB51<>"")),AB$2:AB51)-AC52,"")}
A53: 1 | B53: 52 | C53: 0.0043981481 | D53: =MINUTE(C53) -> 6 | E53: =SECOND(C53) -> 20 | F53: MANRESA | G53: JM19 | H53: =_xlfn.XLOOKUP(G53,'1-Players'!$A$2:$A$27,'1-Players'!$D$2:$D$27,"") -> Louis Olinde | I53: Offensive Rebound | K53: {=IFERROR(_xlfn.IFS(I53="Free Throw",1,I53="2-Point Shot",2,I53="Dunk",2,I53="3-Point Shot",3),"")} | L53: {=IFERROR(_xlfn.IFS(J53="Made",1,J53="Missed",0),"")} | M53: =IFERROR(K53*L53,"") | R53: =IF(J53<>"Made","",IF(I54="Assist","S","N")) | S53: {=IFERROR(_xlfn.IFS(I53="Offensive Rebound",1),"")} -> 1 | T53: {=IFERROR(_xlfn.IFS(I53="Defensive Rebound",1),"")} | U53: {=IFERROR(_xlfn.IFS(I53="Assist",1),"")} | V53: {=IFERROR(_xlfn.IFS(I53="Turnover",1),"")} | W53: {=IFERROR(_xlfn.IFS(I53="Steal",1),"")} | X53: {=IFERROR(_xlfn.IFS(I53="Block",1),"")} | Y53: {=IFERROR(_xlfn.IFS(I53="Block Received",1),"")} | Z53: {=IFERROR(_xlfn.IFS(I53="Foul",1,I53="Foul Technical",1,I53="Offensive Foul",1),"")} | AA53: {=IFERROR(_xlfn.IFS(I53="Foul Received",1),"")} | AB53: {=IFERROR(_xlfn.IFS(I53="Starting lineup",C53,I53="Substitution - In",C53),"")} | AC53: {=IFERROR(_xlfn.IFS(I53="Finishing lineup",C53,I53="Substitution - Out",C53),"")} | AD53: {=IF(AC53<>"",LOOKUP(2,1/((G$2:G52=G53)*(AB$2:AB52<>"")),AB$2:AB52)-AC53,"")} | AE53: {=IF(AC53<>"",LOOKUP(2,1/((G$2:G52=G53)*(AB$2:AB52<>"")),AB$2:AB52)-AC53,"")}
A54: 1 | B54: 53 | C54: 0.0043171296 | D54: =MINUTE(C54) -> 6 | E54: =SECOND(C54) -> 13 | F54: MANRESA | G54: JM02 | H54: =_xlfn.XLOOKUP(G54,'1-Players'!$A$2:$A$27,'1-Players'!$D$2:$D$27,"") -> Hugo Benítez | I54: 3-Point Shot | J54: Missed | K54: {=IFERROR(_xlfn.IFS(I54="Free Throw",1,I54="2-Point Shot",2,I54="Dunk",2,I54="3-Point Shot",3),"")} -> 3 | L54: {=IFERROR(_xlfn.IFS(J54="Made",1,J54="Missed",0),"")} -> 0 | M54: =IFERROR(K54*L54,"") -> 0 | N54: Spot-up | O54: TD | P54: 10 | Q54: N | R54: =IF(J54<>"Made","",IF(I55="Assist","S","N")) | S54: {=IFERROR(_xlfn.IFS(I54="Offensive Rebound",1),"")} | T54: {=IFERROR(_xlfn.IFS(I54="Defensive Rebound",1),"")} | U54: {=IFERROR(_xlfn.IFS(I54="Assist",1),"")} | V54: {=IFERROR(_xlfn.IFS(I54="Turnover",1),"")} | W54: {=IFERROR(_xlfn.IFS(I54="Steal",1),"")} | X54: {=IFERROR(_xlfn.IFS(I54="Block",1),"")} | Y54: {=IFERROR(_xlfn.IFS(I54="Block Received",1),"")} | Z54: {=IFERROR(_xlfn.IFS(I54="Foul",1,I54="Foul Technical",1,I54="Offensive Foul",1),"")} | AA54: {=IFERROR(_xlfn.IFS(I54="Foul Received",1),"")} | AB54: {=IFERROR(_xlfn.IFS(I54="Starting lineup",C54,I54="Substitution - In",C54),"")} | AC54: {=IFERROR(_xlfn.IFS(I54="Finishing lineup",C54,I54="Substitution - Out",C54),"")} | AD54: {=IF(AC54<>"",LOOKUP(2,1/((G$2:G53=G54)*(AB$2:AB53<>"")),AB$2:AB53)-AC54,"")} | AE54: {=IF(AC54<>"",LOOKUP(2,1/((G$2:G53=G54)*(AB$2:AB53<>"")),AB$2:AB53)-AC54,"")}
A55: 1 | B55: 54 | C55: 0.0043171296 | D55: =MINUTE(C55) -> 6 | E55: =SECOND(C55) -> 13 | F55: LLEIDA | G55: JL04 | H55: =_xlfn.XLOOKUP(G55,'1-Players'!$A$2:$A$27,'1-Players'!$D$2:$D$27,"") -> Caleb Agada | I55: Defensive Rebound | K55: {=IFERROR(_xlfn.IFS(I55="Free Throw",1,I55="2-Point Shot",2,I55="Dunk",2,I55="3-Point Shot",3),"")} | L55: {=IFERROR(_xlfn.IFS(J55="Made",1,J55="Missed",0),"")} | M55: =IFERROR(K55*L55,"") | R55: =IF(J55<>"Made","",IF(I56="Assist","S","N")) | S55: {=IFERROR(_xlfn.IFS(I55="Offensive Rebound",1),"")} | T55: {=IFERROR(_xlfn.IFS(I55="Defensive Rebound",1),"")} -> 1 | U55: {=IFERROR(_xlfn.IFS(I55="Assist",1),"")} | V55: {=IFERROR(_xlfn.IFS(I55="Turnover",1),"")} | W55: {=IFERROR(_xlfn.IFS(I55="Steal",1),"")} | X55: {=IFERROR(_xlfn.IFS(I55="Block",1),"")} | Y55: {=IFERROR(_xlfn.IFS(I55="Block Received",1),"")} | Z55: {=IFERROR(_xlfn.IFS(I55="Foul",1,I55="Foul Technical",1,I55="Offensive Foul",1),"")} | AA55: {=IFERROR(_xlfn.IFS(I55="Foul Received",1),"")} | AB55: {=IFERROR(_xlfn.IFS(I55="Starting lineup",C55,I55="Substitution - In",C55),"")} | AC55: {=IFERROR(_xlfn.IFS(I55="Finishing lineup",C55,I55="Substitution - Out",C55),"")} | AD55: {=IF(AC55<>"",LOOKUP(2,1/((G$2:G54=G55)*(AB$2:AB54<>"")),AB$2:AB54)-AC55,"")} | AE55: {=IF(AC55<>"",LOOKUP(2,1/((G$2:G54=G55)*(AB$2:AB54<>"")),AB$2:AB54)-AC55,"")}
A56: 1 | B56: 55 | C56: 0.0043055556 | D56: =MINUTE(C56) -> 6 | E56: =SECOND(C56) -> 12 | F56: MANRESA | G56: JM02 | H56: =_xlfn.XLOOKUP(G56,'1-Players'!$A$2:$A$27,'1-Players'!$D$2:$D$27,"") -> Hugo Benítez | I56: Foul | J56: 2FT | K56: {=IFERROR(_xlfn.IFS(I56="Free Throw",1,I56="2-Point Shot",2,I56="Dunk",2,I56="3-Point Shot",3),"")} | L56: {=IFERROR(_xlfn.IFS(J56="Made",1,J56="Missed",0),"")} | M56: =IFERROR(K56*L56,"") | R56: =IF(J56<>"Made","",IF(I57="Assist","S","N")) | S56: {=IFERROR(_xlfn.IFS(I56="Offensive Rebound",1),"")} | T56: {=IFERROR(_xlfn.IFS(I56="Defensive Rebound",1),"")} | U56: {=IFERROR(_xlfn.IFS(I56="Assist",1),"")} | V56: {=IFERROR(_xlfn.IFS(I56="Turnover",1),"")} | W56: {=IFERROR(_xlfn.IFS(I56="Steal",1),"")} | X56: {=IFERROR(_xlfn.IFS(I56="Block",1),"")} | Y56: {=IFERROR(_xlfn.IFS(I56="Block Received",1),"")} | Z56: {=IFERROR(_xlfn.IFS(I56="Foul",1,I56="Foul Technical",1,I56="Offensive Foul",1),"")} -> 1 | AA56: {=IFERROR(_xlfn.IFS(I56="Foul Received",1),"")} | AB56: {=IFERROR(_xlfn.IFS(I56="Starting lineup",C56,I56="Substitution - In",C56),"")} | AC56: {=IFERROR(_xlfn.IFS(I56="Finishing lineup",C56,I56="Substitution - Out",C56),"")} | AD56: {=IF(AC56<>"",LOOKUP(2,1/((G$2:G55=G56)*(AB$2:AB55<>"")),AB$2:AB55)-AC56,"")} | AE56: {=IF(AC56<>"",LOOKUP(2,1/((G$2:G55=G56)*(AB$2:AB55<>"")),AB$2:AB55)-AC56,"")}
A57: 1 | B57: 56 | C57: 0.0043055556 | D57: =MINUTE(C57) -> 6 | E57: =SECOND(C57) -> 12 | F57: LLEIDA | G57: JL04 | H57: =_xlfn.XLOOKUP(G57,'1-Players'!$A$2:$A$27,'1-Players'!$D$2:$D$27,"") -> Caleb Agada | I57: Foul Received | K57: {=IFERROR(_xlfn.IFS(I57="Free Throw",1,I57="2-Point Shot",2,I57="Dunk",2,I57="3-Point Shot",3),"")} | L57: {=IFERROR(_xlfn.IFS(J57="Made",1,J57="Missed",0),"")} | M57: =IFERROR(K57*L57,"") | R57: =IF(J57<>"Made","",IF(I58="Assist","S","N")) | S57: {=IFERROR(_xlfn.IFS(I57="Offensive Rebound",1),"")} | T57: {=IFERROR(_xlfn.IFS(I57="Defensive Rebound",1),"")} | U57: {=IFERROR(_xlfn.IFS(I57="Assist",1),"")} | V57: {=IFERROR(_xlfn.IFS(I57="Turnover",1),"")} | W57: {=IFERROR(_xlfn.IFS(I57="Steal",1),"")} | X57: {=IFERROR(_xlfn.IFS(I57="Block",1),"")} | Y57: {=IFERROR(_xlfn.IFS(I57="Block Received",1),"")} | Z57: {=IFERROR(_xlfn.IFS(I57="Foul",1,I57="Foul Technical",1,I57="Offensive Foul",1),"")} | AA57: {=IFERROR(_xlfn.IFS(I57="Foul Received",1),"")} -> 1 | AB57: {=IFERROR(_xlfn.IFS(I57="Starting lineup",C57,I57="Substitution - In",C57),"")} | AC57: {=IFERROR(_xlfn.IFS(I57="Finishing lineup",C57,I57="Substitution - Out",C57),"")} | AD57: {=IF(AC57<>"",LOOKUP(2,1/((G$2:G56=G57)*(AB$2:AB56<>"")),AB$2:AB56)-AC57,"")} | AE57: {=IF(AC57<>"",LOOKUP(2,1/((G$2:G56=G57)*(AB$2:AB56<>"")),AB$2:AB56)-AC57,"")}
A58: 1 | B58: 57 | C58: 0.0043055556 | D58: =MINUTE(C58) -> 6 | E58: =SECOND(C58) -> 12 | F58: MANRESA | G58: JM02 | H58: =_xlfn.XLOOKUP(G58,'1-Players'!$A$2:$A$27,'1-Players'!$D$2:$D$27,"") -> Hugo Benítez | I58: Substitution - Out | K58: {=IFERROR(_xlfn.IFS(I58="Free Throw",1,I58="2-Point Shot",2,I58="Dunk",2,I58="3-Point Shot",3),"")} | L58: {=IFERROR(_xlfn.IFS(J58="Made",1,J58="Missed",0),"")} | M58: =IFERROR(K58*L58,"") | R58: =IF(J58<>"Made","",IF(I59="Assist","S","N")) | S58: {=IFERROR(_xlfn.IFS(I58="Offensive Rebound",1),"")} | T58: {=IFERROR(_xlfn.IFS(I58="Defensive Rebound",1),"")} | U58: {=IFERROR(_xlfn.IFS(I58="Assist",1),"")} | V58: {=IFERROR(_xlfn.IFS(I58="Turnover",1),"")} | W58: {=IFERROR(_xlfn.IFS(I58="Steal",1),"")} | X58: {=IFERROR(_xlfn.IFS(I58="Block",1),"")} | Y58: {=IFERROR(_xlfn.IFS(I58="Block Received",1),"")} | Z58: {=IFERROR(_xlfn.IFS(I58="Foul",1,I58="Foul Technical",1,I58="Offensive Foul",1),"")} | AA58: {=IFERROR(_xlfn.IFS(I58="Foul Received",1),"")} | AB58: {=IFERROR(_xlfn.IFS(I58="Starting lineup",C58,I58="Substitution - In",C58),"")} | AC58: {=IFERROR(_xlfn.IFS(I58="Finishing lineup",C58,I58="Substitution - Out",C58),"")} -> 0.0043055556 | AD58: {=IF(AC58<>"",LOOKUP(2,1/((G$2:G57=G58)*(AB$2:AB57<>"")),AB$2:AB57)-AC58,"")} -> 0.0026388889 | AE58: {=IF(AC58<>"",LOOKUP(2,1/((G$2:G57=G58)*(AB$2:AB57<>"")),AB$2:AB57)-AC58,"")} -> 0.0026388889
A59: 1 | B59: 58 | C59: 0.0043055556 | D59: =MINUTE(C59) -> 6 | E59: =SECOND(C59) -> 12 | F59: MANRESA | G59: JM55 | H59: =_xlfn.XLOOKUP(G59,'1-Players'!$A$2:$A$27,'1-Players'!$D$2:$D$27,"") -> Dani Pérez | I59: Substitution - In | K59: {=IFERROR(_xlfn.IFS(I59="Free Throw",1,I59="2-Point Shot",2,I59="Dunk",2,I59="3-Point Shot",3),"")} | L59: {=IFERROR(_xlfn.IFS(J59="Made",1,J59="Missed",0),"")} | M59: =IFERROR(K59*L59,"") | R59: =IF(J59<>"Made","",IF(I60="Assist","S","N")) | S59: {=IFERROR(_xlfn.IFS(I59="Offensive Rebound",1),"")} | T59: {=IFERROR(_xlfn.IFS(I59="Defensive Rebound",1),"")} | U59: {=IFERROR(_xlfn.IFS(I59="Assist",1),"")} | V59: {=IFERROR(_xlfn.IFS(I59="Turnover",1),"")} | W59: {=IFERROR(_xlfn.IFS(I59="Steal",1),"")} | X59: {=IFERROR(_xlfn.IFS(I59="Block",1),"")} | Y59: {=IFERROR(_xlfn.IFS(I59="Block Received",1),"")} | Z59: {=IFERROR(_xlfn.IFS(I59="Foul",1,I59="Foul Technical",1,I59="Offensive Foul",1),"")} | AA59: {=IFERROR(_xlfn.IFS(I59="Foul Received",1),"")} | AB59: {=IFERROR(_xlfn.IFS(I59="Starting lineup",C59,I59="Substitution - In",C59),"")} -> 0.0043055556 | AC59: {=IFERROR(_xlfn.IFS(I59="Finishing lineup",C59,I59="Substitution - Out",C59),"")} | AD59: {=IF(AC59<>"",LOOKUP(2,1/((G$2:G58=G59)*(AB$2:AB58<>"")),AB$2:AB58)-AC59,"")} | AE59: {=IF(AC59<>"",LOOKUP(2,1/((G$2:G58=G59)*(AB$2:AB58<>"")),AB$2:AB58)-AC59,"")}
A60: 1 | B60: 59 | C60: 0.0040740741 | D60: =MINUTE(C60) -> 5 | E60: =SECOND(C60) -> 52 | F60: LLEIDA | G60: JL14 | H60: =_xlfn.XLOOKUP(G60,'1-Players'!$A$2:$A$27,'1-Players'!$D$2:$D$27,"") -> Mikel Sanz | I60: Turnover | J60: Bad pass | K60: {=IFERROR(_xlfn.IFS(I60="Free Throw",1,I60="2-Point Shot",2,I60="Dunk",2,I60="3-Point Shot",3),"")} | L60: {=IFERROR(_xlfn.IFS(J60="Made",1,J60="Missed",0),"")} | M60: =IFERROR(K60*L60,"") | R60: =IF(J60<>"Made","",IF(I61="Assist","S","N")) | S60: {=IFERROR(_xlfn.IFS(I60="Offensive Rebound",1),"")} | T60: {=IFERROR(_xlfn.IFS(I60="Defensive Rebound",1),"")} | U60: {=IFERROR(_xlfn.IFS(I60="Assist",1),"")} | V60: {=IFERROR(_xlfn.IFS(I60="Turnover",1),"")} -> 1 | W60: {=IFERROR(_xlfn.IFS(I60="Steal",1),"")} | X60: {=IFERROR(_xlfn.IFS(I60="Block",1),"")} | Y60: {=IFERROR(_xlfn.IFS(I60="Block Received",1),"")} | Z60: {=IFERROR(_xlfn.IFS(I60="Foul",1,I60="Foul Technical",1,I60="Offensive Foul",1),"")} | AA60: {=IFERROR(_xlfn.IFS(I60="Foul Received",1),"")} | AB60: {=IFERROR(_xlfn.IFS(I60="Starting lineup",C60,I60="Substitution - In",C60),"")} | AC60: {=IFERROR(_xlfn.IFS(I60="Finishing lineup",C60,I60="Substitution - Out",C60),"")} | AD60: {=IF(AC60<>"",LOOKUP(2,1/((G$2:G59=G60)*(AB$2:AB59<>"")),AB$2:AB59)-AC60,"")} | AE60: {=IF(AC60<>"",LOOKUP(2,1/((G$2:G59=G60)*(AB$2:AB59<>"")),AB$2:AB59)-AC60,"")}
A61: 1 | B61: 60 | C61: 0.0039930556 | D61: =MINUTE(C61) -> 5 | E61: =SECOND(C61) -> 45 | F61: LLEIDA | G61: JL03 | H61: =_xlfn.XLOOKUP(G61,'1-Players'!$A$2:$A$27,'1-Players'!$D$2:$D$27,"") -> Melvin Ejim | I61: Foul | J61: 2FT | K61: {=IFERROR(_xlfn.IFS(I61="Free Throw",1,I61="2-Point Shot",2,I61="Dunk",2,I61="3-Point Shot",3),"")} | L61: {=IFERROR(_xlfn.IFS(J61="Made",1,J61="Missed",0),"")} | M61: =IFERROR(K61*L61,"") | R61: =IF(J61<>"Made","",IF(I62="Assist","S","N")) | S61: {=IFERROR(_xlfn.IFS(I61="Offensive Rebound",1),"")} | T61: {=IFERROR(_xlfn.IFS(I61="Defensive Rebound",1),"")} | U61: {=IFERROR(_xlfn.IFS(I61="Assist",1),"")} | V61: {=IFERROR(_xlfn.IFS(I61="Turnover",1),"")} | W61: {=IFERROR(_xlfn.IFS(I61="Steal",1),"")} | X61: {=IFERROR(_xlfn.IFS(I61="Block",1),"")} | Y61: {=IFERROR(_xlfn.IFS(I61="Block Received",1),"")} | Z61: {=IFERROR(_xlfn.IFS(I61="Foul",1,I61="Foul Technical",1,I61="Offensive Foul",1),"")} -> 1 | AA61: {=IFERROR(_xlfn.IFS(I61="Foul Received",1),"")} | AB61: {=IFERROR(_xlfn.IFS(I61="Starting lineup",C61,I61="Substitution - In",C61),"")} | AC61: {=IFERROR(_xlfn.IFS(I61="Finishing lineup",C61,I61="Substitution - Out",C61),"")} | AD61: {=IF(AC61<>"",LOOKUP(2,1/((G$2:G60=G61)*(AB$2:AB60<>"")),AB$2:AB60)-AC61,"")} | AE61: {=IF(AC61<>"",LOOKUP(2,1/((G$2:G60=G61)*(AB$2:AB60<>"")),AB$2:AB60)-AC61,"")}
A62: 1 | B62: 61 | C62: 0.0039930556 | D62: =MINUTE(C62) -> 5 | E62: =SECOND(C62) -> 45 | F62: MANRESA | G62: JM19 | H62: =_xlfn.XLOOKUP(G62,'1-Players'!$A$2:$A$27,'1-Players'!$D$2:$D$27,"") -> Louis Olinde | I62: Foul Received | K62: {=IFERROR(_xlfn.IFS(I62="Free Throw",1,I62="2-Point Shot",2,I62="Dunk",2,I62="3-Point Shot",3),"")} | L62: {=IFERROR(_xlfn.IFS(J62="Made",1,J62="Missed",0),"")} | M62: =IFERROR(K62*L62,"") | R62: =IF(J62<>"Made","",IF(I63="Assist","S","N")) | S62: {=IFERROR(_xlfn.IFS(I62="Offensive Rebound",1),"")} | T62: {=IFERROR(_xlfn.IFS(I62="Defensive Rebound",1),"")} | U62: {=IFERROR(_xlfn.IFS(I62="Assist",1),"")} | V62: {=IFERROR(_xlfn.IFS(I62="Turnover",1),"")} | W62: {=IFERROR(_xlfn.IFS(I62="Steal",1),"")} | X62: {=IFERROR(_xlfn.IFS(I62="Block",1),"")} | Y62: {=IFERROR(_xlfn.IFS(I62="Block Received",1),"")} | Z62: {=IFERROR(_xlfn.IFS(I62="Foul",1,I62="Foul Technical",1,I62="Offensive Foul",1),"")} | AA62: {=IFERROR(_xlfn.IFS(I62="Foul Received",1),"")} -> 1 | AB62: {=IFERROR(_xlfn.IFS(I62="Starting lineup",C62,I62="Substitution - In",C62),"")} | AC62: {=IFERROR(_xlfn.IFS(I62="Finishing lineup",C62,I62="Substitution - Out",C62),"")} | AD62: {=IF(AC62<>"",LOOKUP(2,1/((G$2:G61=G62)*(AB$2:AB61<>"")),AB$2:AB61)-AC62,"")} | AE62: {=IF(AC62<>"",LOOKUP(2,1/((G$2:G61=G62)*(AB$2:AB61<>"")),AB$2:AB61)-AC62,"")}
A63: 1 | B63: 62 | C63: 0.0039930556 | D63: =MINUTE(C63) -> 5 | E63: =SECOND(C63) -> 45 | F63: MANRESA | G63: JM33 | H63: =_xlfn.XLOOKUP(G63,'1-Players'!$A$2:$A$27,'1-Players'!$D$2:$D$27,"") -> Grant Golden | I63: Substitution - Out | K63: {=IFERROR(_xlfn.IFS(I63="Free Throw",1,I63="2-Point Shot",2,I63="Dunk",2,I63="3-Point Shot",3),"")} | L63: {=IFERROR(_xlfn.IFS(J63="Made",1,J63="Missed",0),"")} | M63: =IFERROR(K63*L63,"") | R63: =IF(J63<>"Made","",IF(I64="Assist","S","N")) | S63: {=IFERROR(_xlfn.IFS(I63="Offensive Rebound",1),"")} | T63: {=IFERROR(_xlfn.IFS(I63="Defensive Rebound",1),"")} | U63: {=IFERROR(_xlfn.IFS(I63="Assist",1),"")} | V63: {=IFERROR(_xlfn.IFS(I63="Turnover",1),"")} | W63: {=IFERROR(_xlfn.IFS(I63="Steal",1),"")} | X63: {=IFERROR(_xlfn.IFS(I63="Block",1),"")} | Y63: {=IFERROR(_xlfn.IFS(I63="Block Received",1),"")} | Z63: {=IFERROR(_xlfn.IFS(I63="Foul",1,I63="Foul Technical",1,I63="Offensive Foul",1),"")} | AA63: {=IFERROR(_xlfn.IFS(I63="Foul Received",1),"")} | AB63: {=IFERROR(_xlfn.IFS(I63="Starting lineup",C63,I63="Substitution - In",C63),"")} | AC63: {=IFERROR(_xlfn.IFS(I63="Finishing lineup",C63,I63="Substitution - Out",C63),"")} -> 0.0039930556 | AD63: {=IF(AC63<>"",LOOKUP(2,1/((G$2:G62=G63)*(AB$2:AB62<>"")),AB$2:AB62)-AC63,"")} -> 0.0029513889 | AE63: {=IF(AC63<>"",LOOKUP(2,1/((G$2:G62=G63)*(AB$2:AB62<>"")),AB$2:AB62)-AC63,"")} -> 0.0029513889
A64: 1 | B64: 63 | C64: 0.0039930556 | D64: =MINUTE(C64) -> 5 | E64: =SECOND(C64) -> 45 | F64: MANRESA | G64: JM00 | H64: =_xlfn.XLOOKUP(G64,'1-Players'!$A$2:$A$27,'1-Players'!$D$2:$D$27,"") -> Kaodirichi Akobundu | I64: Substitution - In | K64: {=IFERROR(_xlfn.IFS(I64="Free Throw",1,I64="2-Point Shot",2,I64="Dunk",2,I64="3-Point Shot",3),"")} | L64: {=IFERROR(_xlfn.IFS(J64="Made",1,J64="Missed",0),"")} | M64: =IFERROR(K64*L64,"") | R64: =IF(J64<>"Made","",IF(I65="Assist","S","N")) | S64: {=IFERROR(_xlfn.IFS(I64="Offensive Rebound",1),"")} | T64: {=IFERROR(_xlfn.IFS(I64="Defensive Rebound",1),"")} | U64: {=IFERROR(_xlfn.IFS(I64="Assist",1),"")} | V64: {=IFERROR(_xlfn.IFS(I64="Turnover",1),"")} | W64: {=IFERROR(_xlfn.IFS(I64="Steal",1),"")} | X64: {=IFERROR(_xlfn.IFS(I64="Block",1),"")} | Y64: {=IFERROR(_xlfn.IFS(I64="Block Received",1),"")} | Z64: {=IFERROR(_xlfn.IFS(I64="Foul",1,I64="Foul Technical",1,I64="Offensive Foul",1),"")} | AA64: {=IFERROR(_xlfn.IFS(I64="Foul Received",1),"")} | AB64: {=IFERROR(_xlfn.IFS(I64="Starting lineup",C64,I64="Substitution - In",C64),"")} -> 0.0039930556 | AC64: {=IFERROR(_xlfn.IFS(I64="Finishing lineup",C64,I64="Substitution - Out",C64),"")} | AD64: {=IF(AC64<>"",LOOKUP(2,1/((G$2:G63=G64)*(AB$2:AB63<>"")),AB$2:AB63)-AC64,"")} | AE64: {=IF(AC64<>"",LOOKUP(2,1/((G$2:G63=G64)*(AB$2:AB63<>"")),AB$2:AB63)-AC64,"")}
A65: 1 | B65: 64 | C65: 0.0039930556 | D65: =MINUTE(C65) -> 5 | E65: =SECOND(C65) -> 45 | F65: LLEIDA | G65: JL03 | H65: =_xlfn.XLOOKUP(G65,'1-Players'!$A$2:$A$27,'1-Players'!$D$2:$D$27,"") -> Melvin Ejim | I65: Substitution - Out | K65: {=IFERROR(_xlfn.IFS(I65="Free Throw",1,I65="2-Point Shot",2,I65="Dunk",2,I65="3-Point Shot",3),"")} | L65: {=IFERROR(_xlfn.IFS(J65="Made",1,J65="Missed",0),"")} | M65: =IFERROR(K65*L65,"") | R65: =IF(J65<>"Made","",IF(I66="Assist","S","N")) | S65: {=IFERROR(_xlfn.IFS(I65="Offensive Rebound",1),"")} | T65: {=IFERROR(_xlfn.IFS(I65="Defensive Rebound",1),"")} | U65: {=IFERROR(_xlfn.IFS(I65="Assist",1),"")} | V65: {=IFERROR(_xlfn.IFS(I65="Turnover",1),"")} | W65: {=IFERROR(_xlfn.IFS(I65="Steal",1),"")} | X65: {=IFERROR(_xlfn.IFS(I65="Block",1),"")} | Y65: {=IFERROR(_xlfn.IFS(I65="Block Received",1),"")} | Z65: {=IFERROR(_xlfn.IFS(I65="Foul",1,I65="Foul Technical",1,I65="Offensive Foul",1),"")} | AA65: {=IFERROR(_xlfn.IFS(I65="Foul Received",1),"")} | AB65: {=IFERROR(_xlfn.IFS(I65="Starting lineup",C65,I65="Substitution - In",C65),"")} | AC65: {=IFERROR(_xlfn.IFS(I65="Finishing lineup",C65,I65="Substitution - Out",C65),"")} -> 0.0039930556 | AD65: {=IF(AC65<>"",LOOKUP(2,1/((G$2:G64=G65)*(AB$2:AB64<>"")),AB$2:AB64)-AC65,"")} -> 0.0029513889 | AE65: {=IF(AC65<>"",LOOKUP(2,1/((G$2:G64=G65)*(AB$2:AB64<>"")),AB$2:AB64)-AC65,"")} -> 0.0029513889
A66: 1 | B66: 65 | C66: 0.0039930556 | D66: =MINUTE(C66) -> 5 | E66: =SECOND(C66) -> 45 | F66: LLEIDA | G66: JL04 | H66: =_xlfn.XLOOKUP(G66,'1-Players'!$A$2:$A$27,'1-Players'!$D$2:$D$27,"") -> Caleb Agada | I66: Substitution - Out | K66: {=IFERROR(_xlfn.IFS(I66="Free Throw",1,I66="2-Point Shot",2,I66="Dunk",2,I66="3-Point Shot",3),"")} | L66: {=IFERROR(_xlfn.IFS(J66="Made",1,J66="Missed",0),"")} | M66: =IFERROR(K66*L66,"") | R66: =IF(J66<>"Made","",IF(I67="Assist","S","N")) | S66: {=IFERROR(_xlfn.IFS(I66="Offensive Rebound",1),"")} | T66: {=IFERROR(_xlfn.IFS(I66="Defensive Rebound",1),"")} | U66: {=IFERROR(_xlfn.IFS(I66="Assist",1),"")} | V66: {=IFERROR(_xlfn.IFS(I66="Turnover",1),"")} | W66: {=IFERROR(_xlfn.IFS(I66="Steal",1),"")} | X66: {=IFERROR(_xlfn.IFS(I66="Block",1),"")} | Y66: {=IFERROR(_xlfn.IFS(I66="Block Received",1),"")} | Z66: {=IFERROR(_xlfn.IFS(I66="Foul",1,I66="Foul Technical",1,I66="Offensive Foul",1),"")} | AA66: {=IFERROR(_xlfn.IFS(I66="Foul Received",1),"")} | AB66: {=IFERROR(_xlfn.IFS(I66="Starting lineup",C66,I66="Substitution - In",C66),"")} | AC66: {=IFERROR(_xlfn.IFS(I66="Finishing lineup",C66,I66="Substitution - Out",C66),"")} -> 0.0039930556 | AD66: {=IF(AC66<>"",LOOKUP(2,1/((G$2:G65=G66)*(AB$2:AB65<>"")),AB$2:AB65)-AC66,"")} -> 0.0029513889 | AE66: {=IF(AC66<>"",LOOKUP(2,1/((G$2:G65=G66)*(AB$2:AB65<>"")),AB$2:AB65)-AC66,"")} -> 0.0029513889
A67: 1 | B67: 66 | C67: 0.0039930556 | D67: =MINUTE(C67) -> 5 | E67: =SECOND(C67) -> 45 | F67: LLEIDA | G67: JL14 | H67: =_xlfn.XLOOKUP(G67,'1-Players'!$A$2:$A$27,'1-Players'!$D$2:$D$27,"") -> Mikel Sanz | I67: Substitution - Out | K67: {=IFERROR(_xlfn.IFS(I67="Free Throw",1,I67="2-Point Shot",2,I67="Dunk",2,I67="3-Point Shot",3),"")} | L67: {=IFERROR(_xlfn.IFS(J67="Made",1,J67="Missed",0),"")} | M67: =IFERROR(K67*L67,"") | R67: =IF(J67<>"Made","",IF(I68="Assist","S","N")) | S67: {=IFERROR(_xlfn.IFS(I67="Offensive Rebound",1),"")} | T67: {=IFERROR(_xlfn.IFS(I67="Defensive Rebound",1),"")} | U67: {=IFERROR(_xlfn.IFS(I67="Assist",1),"")} | V67: {=IFERROR(_xlfn.IFS(I67="Turnover",1),"")} | W67: {=IFERROR(_xlfn.IFS(I67="Steal",1),"")} | X67: {=IFERROR(_xlfn.IFS(I67="Block",1),"")} | Y67: {=IFERROR(_xlfn.IFS(I67="Block Received",1),"")} | Z67: {=IFERROR(_xlfn.IFS(I67="Foul",1,I67="Foul Technical",1,I67="Offensive Foul",1),"")} | AA67: {=IFERROR(_xlfn.IFS(I67="Foul Received",1),"")} | AB67: {=IFERROR(_xlfn.IFS(I67="Starting lineup",C67,I67="Substitution - In",C67),"")} | AC67: {=IFERROR(_xlfn.IFS(I67="Finishing lineup",C67,I67="Substitution - Out",C67),"")} -> 0.0039930556 | AD67: {=IF(AC67<>"",LOOKUP(2,1/((G$2:G66=G67)*(AB$2:AB66<>"")),AB$2:AB66)-AC67,"")} -> 0.0029513889 | AE67: {=IF(AC67<>"",LOOKUP(2,1/((G$2:G66=G67)*(AB$2:AB66<>"")),AB$2:AB66)-AC67,"")} -> 0.0029513889
A68: 1 | B68: 67 | C68: 0.0039930556 | D68: =MINUTE(C68) -> 5 | E68: =SECOND(C68) -> 45 | F68: LLEIDA | G68: JL16 | H68: =_xlfn.XLOOKUP(G68,'1-Players'!$A$2:$A$27,'1-Players'!$D$2:$D$27,"") -> Millán Jiménez | I68: Substitution - In | K68: {=IFERROR(_xlfn.IFS(I68="Free Throw",1,I68="2-Point Shot",2,I68="Dunk",2,I68="3-Point Shot",3),"")} | L68: {=IFERROR(_xlfn.IFS(J68="Made",1,J68="Missed",0),"")} | M68: =IFERROR(K68*L68,"") | R68: =IF(J68<>"Made","",IF(I69="Assist","S","N")) | S68: {=IFERROR(_xlfn.IFS(I68="Offensive Rebound",1),"")} | T68: {=IFERROR(_xlfn.IFS(I68="Defensive Rebound",1),"")} | U68: {=IFERROR(_xlfn.IFS(I68="Assist",1),"")} | V68: {=IFERROR(_xlfn.IFS(I68="Turnover",1),"")} | W68: {=IFERROR(_xlfn.IFS(I68="Steal",1),"")} | X68: {=IFERROR(_xlfn.IFS(I68="Block",1),"")} | Y68: {=IFERROR(_xlfn.IFS(I68="Block Received",1),"")} | Z68: {=IFERROR(_xlfn.IFS(I68="Foul",1,I68="Foul Technical",1,I68="Offensive Foul",1),"")} | AA68: {=IFERROR(_xlfn.IFS(I68="Foul Received",1),"")} | AB68: {=IFERROR(_xlfn.IFS(I68="Starting lineup",C68,I68="Substitution - In",C68),"")} -> 0.0039930556 | AC68: {=IFERROR(_xlfn.IFS(I68="Finishing lineup",C68,I68="Substitution - Out",C68),"")} | AD68: {=IF(AC68<>"",LOOKUP(2,1/((G$2:G67=G68)*(AB$2:AB67<>"")),AB$2:AB67)-AC68,"")} | AE68: {=IF(AC68<>"",LOOKUP(2,1/((G$2:G67=G68)*(AB$2:AB67<>"")),AB$2:AB67)-AC68,"")}
A69: 1 | B69: 68 | C69: 0.0039930556 | D69: =MINUTE(C69) -> 5 | E69: =SECOND(C69) -> 45 | F69: LLEIDA | G69: JL06 | H69: =_xlfn.XLOOKUP(G69,'1-Players'!$A$2:$A$27,'1-Players'!$D$2:$D$27,"") -> Kristers Zoriks | I69: Substitution - In | K69: {=IFERROR(_xlfn.IFS(I69="Free Throw",1,I69="2-Point Shot",2,I69="Dunk",2,I69="3-Point Shot",3),"")} | L69: {=IFERROR(_xlfn.IFS(J69="Made",1,J69="Missed",0),"")} | M69: =IFERROR(K69*L69,"") | R69: =IF(J69<>"Made","",IF(I70="Assist","S","N")) | S69: {=IFERROR(_xlfn.IFS(I69="Offensive Rebound",1),"")} | T69: {=IFERROR(_xlfn.IFS(I69="Defensive Rebound",1),"")} | U69: {=IFERROR(_xlfn.IFS(I69="Assist",1),"")} | V69: {=IFERROR(_xlfn.IFS(I69="Turnover",1),"")} | W69: {=IFERROR(_xlfn.IFS(I69="Steal",1),"")} | X69: {=IFERROR(_xlfn.IFS(I69="Block",1),"")} | Y69: {=IFERROR(_xlfn.IFS(I69="Block Received",1),"")} | Z69: {=IFERROR(_xlfn.IFS(I69="Foul",1,I69="Foul Technical",1,I69="Offensive Foul",1),"")} | AA69: {=IFERROR(_xlfn.IFS(I69="Foul Received",1),"")} | AB69: {=IFERROR(_xlfn.IFS(I69="Starting lineup",C69,I69="Substitution - In",C69),"")} -> 0.0039930556 | AC69: {=IFERROR(_xlfn.IFS(I69="Finishing lineup",C69,I69="Substitution - Out",C69),"")} | AD69: {=IF(AC69<>"",LOOKUP(2,1/((G$2:G68=G69)*(AB$2:AB68<>"")),AB$2:AB68)-AC69,"")} | AE69: {=IF(AC69<>"",LOOKUP(2,1/((G$2:G68=G69)*(AB$2:AB68<>"")),AB$2:AB68)-AC69,"")}
A70: 1 | B70: 69 | C70: 0.0039930556 | D70: =MINUTE(C70) -> 5 | E70: =SECOND(C70) -> 45 | F70: LLEIDA | G70: JL22 | H70: =_xlfn.XLOOKUP(G70,'1-Players'!$A$2:$A$27,'1-Players'!$D$2:$D$27,"") -> John Shurna | I70: Substitution - In | K70: {=IFERROR(_xlfn.IFS(I70="Free Throw",1,I70="2-Point Shot",2,I70="Dunk",2,I70="3-Point Shot",3),"")} | L70: {=IFERROR(_xlfn.IFS(J70="Made",1,J70="Missed",0),"")} | M70: =IFERROR(K70*L70,"") | R70: =IF(J70<>"Made","",IF(I71="Assist","S","N")) | S70: {=IFERROR(_xlfn.IFS(I70="Offensive Rebound",1),"")} | T70: {=IFERROR(_xlfn.IFS(I70="Defensive Rebound",1),"")} | U70: {=IFERROR(_xlfn.IFS(I70="Assist",1),"")} | V70: {=IFERROR(_xlfn.IFS(I70="Turnover",1),"")} | W70: {=IFERROR(_xlfn.IFS(I70="Steal",1),"")} | X70: {=IFERROR(_xlfn.IFS(I70="Block",1),"")} | Y70: {=IFERROR(_xlfn.IFS(I70="Block Received",1),"")} | Z70: {=IFERROR(_xlfn.IFS(I70="Foul",1,I70="Foul Technical",1,I70="Offensive Foul",1),"")} | AA70: {=IFERROR(_xlfn.IFS(I70="Foul Received",1),"")} | AB70: {=IFERROR(_xlfn.IFS(I70="Starting lineup",C70,I70="Substitution - In",C70),"")} -> 0.0039930556 | AC70: {=IFERROR(_xlfn.IFS(I70="Finishing lineup",C70,I70="Substitution - Out",C70),"")} | AD70: {=IF(AC70<>"",LOOKUP(2,1/((G$2:G69=G70)*(AB$2:AB69<>"")),AB$2:AB69)-AC70,"")} | AE70: {=IF(AC70<>"",LOOKUP(2,1/((G$2:G69=G70)*(AB$2:AB69<>"")),AB$2:AB69)-AC70,"")}
A71: 1 | B71: 70 | C71: 0.0037962963 | D71: =MINUTE(C71) -> 5 | E71: =SECOND(C71) -> 28 | F71: MANRESA | G71: JM32 | H71: =_xlfn.XLOOKUP(G71,'1-Players'!$A$2:$A$27,'1-Players'!$D$2:$D$27,"") -> Retin Obasohan | I71: 2-Point Shot | J71: Made | K71: {=IFERROR(_xlfn.IFS(I71="Free Throw",1,I71="2-Point Shot",2,I71="Dunk",2,I71="3-Point Shot",3),"")} -> 2 | L71: {=IFERROR(_xlfn.IFS(J71="Made",1,J71="Missed",0),"")} -> 1 | M71: =IFERROR(K71*L71,"") -> 2 | N71: Lay-up | O71: PD | P71: 0 | Q71: S | R71: =IF(J71<>"Made","",IF(I72="Assist","S","N")) -> N | S71: {=IFERROR(_xlfn.IFS(I71="Offensive Rebound",1),"")} | T71: {=IFERROR(_xlfn.IFS(I71="Defensive Rebound",1),"")} | U71: {=IFERROR(_xlfn.IFS(I71="Assist",1),"")} | V71: {=IFERROR(_xlfn.IFS(I71="Turnover",1),"")} | W71: {=IFERROR(_xlfn.IFS(I71="Steal",1),"")} | X71: {=IFERROR(_xlfn.IFS(I71="Block",1),"")} | Y71: {=IFERROR(_xlfn.IFS(I71="Block Received",1),"")} | Z71: {=IFERROR(_xlfn.IFS(I71="Foul",1,I71="Foul Technical",1,I71="Offensive Foul",1),"")} | AA71: {=IFERROR(_xlfn.IFS(I71="Foul Received",1),"")} | AB71: {=IFERROR(_xlfn.IFS(I71="Starting lineup",C71,I71="Substitution - In",C71),"")} | AC71: {=IFERROR(_xlfn.IFS(I71="Finishing lineup",C71,I71="Substitution - Out",C71),"")} | AD71: {=IF(AC71<>"",LOOKUP(2,1/((G$2:G70=G71)*(AB$2:AB70<>"")),AB$2:AB70)-AC71,"")} | AE71: {=IF(AC71<>"",LOOKUP(2,1/((G$2:G70=G71)*(AB$2:AB70<>"")),AB$2:AB70)-AC71,"")}
A72: 1 | B72: 71 | C72: 0.0036342593 | D72: =MINUTE(C72) -> 5 | E72: =SECOND(C72) -> 14 | F72: LLEIDA | G72: JL01 | H72: =_xlfn.XLOOKUP(G72,'1-Players'!$A$2:$A$27,'1-Players'!$D$2:$D$27,"") -> James Batemon | I72: Offensive Foul | K72: {=IFERROR(_xlfn.IFS(I72="Free Throw",1,I72="2-Point Shot",2,I72="Dunk",2,I72="3-Point Shot",3),"")} | L72: {=IFERROR(_xlfn.IFS(J72="Made",1,J72="Missed",0),"")} | M72: =IFERROR(K72*L72,"") | R72: =IF(J72<>"Made","",IF(I73="Assist","S","N")) | S72: {=IFERROR(_xlfn.IFS(I72="Offensive Rebound",1),"")} | T72: {=IFERROR(_xlfn.IFS(I72="Defensive Rebound",1),"")} | U72: {=IFERROR(_xlfn.IFS(I72="Assist",1),"")} | V72: {=IFERROR(_xlfn.IFS(I72="Turnover",1),"")} | W72: {=IFERROR(_xlfn.IFS(I72="Steal",1),"")} | X72: {=IFERROR(_xlfn.IFS(I72="Block",1),"")} | Y72: {=IFERROR(_xlfn.IFS(I72="Block Received",1),"")} | Z72: {=IFERROR(_xlfn.IFS(I72="Foul",1,I72="Foul Technical",1,I72="Offensive Foul",1),"")} -> 1 | AA72: {=IFERROR(_xlfn.IFS(I72="Foul Received",1),"")} | AB72: {=IFERROR(_xlfn.IFS(I72="Starting lineup",C72,I72="Substitution - In",C72),"")} | AC72: {=IFERROR(_xlfn.IFS(I72="Finishing lineup",C72,I72="Substitution - Out",C72),"")} | AD72: {=IF(AC72<>"",LOOKUP(2,1/((G$2:G71=G72)*(AB$2:AB71<>"")),AB$2:AB71)-AC72,"")} | AE72: {=IF(AC72<>"",LOOKUP(2,1/((G$2:G71=G72)*(AB$2:AB71<>"")),AB$2:AB71)-AC72,"")}
A73: 1 | B73: 72 | C73: 0.0036342593 | D73: =MINUTE(C73) -> 5 | E73: =SECOND(C73) -> 14 | F73: LLEIDA | G73: JL01 | H73: =_xlfn.XLOOKUP(G73,'1-Players'!$A$2:$A$27,'1-Players'!$D$2:$D$27,"") -> James Batemon | I73: Turnover | K73: {=IFERROR(_xlfn.IFS(I73="Free Throw",1,I73="2-Point Shot",2,I73="Dunk",2,I73="3-Point Shot",3),"")} | L73: {=IFERROR(_xlfn.IFS(J73="Made",1,J73="Missed",0),"")} | M73: =IFERROR(K73*L73,"") | R73: =IF(J73<>"Made","",IF(I74="Assist","S","N")) | S73: {=IFERROR(_xlfn.IFS(I73="Offensive Rebound",1),"")} | T73: {=IFERROR(_xlfn.IFS(I73="Defensive Rebound",1),"")} | U73: {=IFERROR(_xlfn.IFS(I73="Assist",1),"")} | V73: {=IFERROR(_xlfn.IFS(I73="Turnover",1),"")} -> 1 | W73: {=IFERROR(_xlfn.IFS(I73="Steal",1),"")} | X73: {=IFERROR(_xlfn.IFS(I73="Block",1),"")} | Y73: {=IFERROR(_xlfn.IFS(I73="Block Received",1),"")} | Z73: {=IFERROR(_xlfn.IFS(I73="Foul",1,I73="Foul Technical",1,I73="Offensive Foul",1),"")} | AA73: {=IFERROR(_xlfn.IFS(I73="Foul Received",1),"")} | AB73: {=IFERROR(_xlfn.IFS(I73="Starting lineup",C73,I73="Substitution - In",C73),"")} | AC73: {=IFERROR(_xlfn.IFS(I73="Finishing lineup",C73,I73="Substitution - Out",C73),"")} | AD73: {=IF(AC73<>"",LOOKUP(2,1/((G$2:G72=G73)*(AB$2:AB72<>"")),AB$2:AB72)-AC73,"")} | AE73: {=IF(AC73<>"",LOOKUP(2,1/((G$2:G72=G73)*(AB$2:AB72<>"")),AB$2:AB72)-AC73,"")}
A74: 1 | B74: 73 | C74: 0.0036342593 | D74: =MINUTE(C74) -> 5 | E74: =SECOND(C74) -> 14 | F74: MANRESA | G74: JM32 | H74: =_xlfn.XLOOKUP(G74,'1-Players'!$A$2:$A$27,'1-Players'!$D$2:$D$27,"") -> Retin Obasohan | I74: Foul Received | K74: {=IFERROR(_xlfn.IFS(I74="Free Throw",1,I74="2-Point Shot",2,I74="Dunk",2,I74="3-Point Shot",3),"")} | L74: {=IFERROR(_xlfn.IFS(J74="Made",1,J74="Missed",0),"")} | M74: =IFERROR(K74*L74,"") | R74: =IF(J74<>"Made","",IF(I75="Assist","S","N")) | S74: {=IFERROR(_xlfn.IFS(I74="Offensive Rebound",1),"")} | T74: {=IFERROR(_xlfn.IFS(I74="Defensive Rebound",1),"")} | U74: {=IFERROR(_xlfn.IFS(I74="Assist",1),"")} | V74: {=IFERROR(_xlfn.IFS(I74="Turnover",1),"")} | W74: {=IFERROR(_xlfn.IFS(I74="Steal",1),"")} | X74: {=IFERROR(_xlfn.IFS(I74="Block",1),"")} | Y74: {=IFERROR(_xlfn.IFS(I74="Block Received",1),"")} | Z74: {=IFERROR(_xlfn.IFS(I74="Foul",1,I74="Foul Technical",1,I74="Offensive Foul",1),"")} | AA74: {=IFERROR(_xlfn.IFS(I74="Foul Received",1),"")} -> 1 | AB74: {=IFERROR(_xlfn.IFS(I74="Starting lineup",C74,I74="Substitution - In",C74),"")} | AC74: {=IFERROR(_xlfn.IFS(I74="Finishing lineup",C74,I74="Substitution - Out",C74),"")} | AD74: {=IF(AC74<>"",LOOKUP(2,1/((G$2:G73=G74)*(AB$2:AB73<>"")),AB$2:AB73)-AC74,"")} | AE74: {=IF(AC74<>"",LOOKUP(2,1/((G$2:G73=G74)*(AB$2:AB73<>"")),AB$2:AB73)-AC74,"")}
A75: 1 | B75: 74 | C75: 0.0036342593 | D75: =MINUTE(C75) -> 5 | E75: =SECOND(C75) -> 14 | F75: MANRESA | G75: JM32 | H75: =_xlfn.XLOOKUP(G75,'1-Players'!$A$2:$A$27,'1-Players'!$D$2:$D$27,"") -> Retin Obasohan | I75: Substitution - Out | K75: {=IFERROR(_xlfn.IFS(I75="Free Throw",1,I75="2-Point Shot",2,I75="Dunk",2,I75="3-Point Shot",3),"")} | L75: {=IFERROR(_xlfn.IFS(J75="Made",1,J75="Missed",0),"")} | M75: =IFERROR(K75*L75,"") | R75: =IF(J75<>"Made","",IF(I76="Assist","S","N")) | S75: {=IFERROR(_xlfn.IFS(I75="Offensive Rebound",1),"")} | T75: {=IFERROR(_xlfn.IFS(I75="Defensive Rebound",1),"")} | U75: {=IFERROR(_xlfn.IFS(I75="Assist",1),"")} | V75: {=IFERROR(_xlfn.IFS(I75="Turnover",1),"")} | W75: {=IFERROR(_xlfn.IFS(I75="Steal",1),"")} | X75: {=IFERROR(_xlfn.IFS(I75="Block",1),"")} | Y75: {=IFERROR(_xlfn.IFS(I75="Block Received",1),"")} | Z75: {=IFERROR(_xlfn.IFS(I75="Foul",1,I75="Foul Technical",1,I75="Offensive Foul",1),"")} | AA75: {=IFERROR(_xlfn.IFS(I75="Foul Received",1),"")} | AB75: {=IFERROR(_xlfn.IFS(I75="Starting lineup",C75,I75="Substitution - In",C75),"")} | AC75: {=IFERROR(_xlfn.IFS(I75="Finishing lineup",C75,I75="Substitution - Out",C75),"")} -> 0.0036342593 | AD75: {=IF(AC75<>"",LOOKUP(2,1/((G$2:G74=G75)*(AB$2:AB74<>"")),AB$2:AB74)-AC75,"")} -> 0.0033101852 | AE75: {=IF(AC75<>"",LOOKUP(2,1/((G$2:G74=G75)*(AB$2:AB74<>"")),AB$2:AB74)-AC75,"")} -> 0.0033101852
A76: 1 | B76: 75 | C76: 0.0036342593 | D76: =MINUTE(C76) -> 5 | E76: =SECOND(C76) -> 14 | F76: MANRESA | G76: JM99 | H76: =_xlfn.XLOOKUP(G76,'1-Players'!$A$2:$A$27,'1-Players'!$D$2:$D$27,"") -> Alfonso Plummer | I76: Substitution - In | K76: {=IFERROR(_xlfn.IFS(I76="Free Throw",1,I76="2-Point Shot",2,I76="Dunk",2,I76="3-Point Shot",3),"")} | L76: {=IFERROR(_xlfn.IFS(J76="Made",1,J76="Missed",0),"")} | M76: =IFERROR(K76*L76,"") | R76: =IF(J76<>"Made","",IF(I77="Assist","S","N")) | S76: {=IFERROR(_xlfn.IFS(I76="Offensive Rebound",1),"")} | T76: {=IFERROR(_xlfn.IFS(I76="Defensive Rebound",1),"")} | U76: {=IFERROR(_xlfn.IFS(I76="Assist",1),"")} | V76: {=IFERROR(_xlfn.IFS(I76="Turnover",1),"")} | W76: {=IFERROR(_xlfn.IFS(I76="Steal",1),"")} | X76: {=IFERROR(_xlfn.IFS(I76="Block",1),"")} | Y76: {=IFERROR(_xlfn.IFS(I76="Block Received",1),"")} | Z76: {=IFERROR(_xlfn.IFS(I76="Foul",1,I76="Foul Technical",1,I76="Offensive Foul",1),"")} | AA76: {=IFERROR(_xlfn.IFS(I76="Foul Received",1),"")} | AB76: {=IFERROR(_xlfn.IFS(I76="Starting lineup",C76,I76="Substitution - In",C76),"")} -> 0.0036342593 | AC76: {=IFERROR(_xlfn.IFS(I76="Finishing lineup",C76,I76="Substitution - Out",C76),"")} | AD76: {=IF(AC76<>"",LOOKUP(2,1/((G$2:G75=G76)*(AB$2:AB75<>"")),AB$2:AB75)-AC76,"")} | AE76: {=IF(AC76<>"",LOOKUP(2,1/((G$2:G75=G76)*(AB$2:AB75<>"")),AB$2:AB75)-AC76,"")}
A77: 1 | B77: 76 | C77: 0.0036342593 | D77: =MINUTE(C77) -> 5 | E77: =SECOND(C77) -> 14 | F77: LLEIDA | G77: JL01 | H77: =_xlfn.XLOOKUP(G77,'1-Players'!$A$2:$A$27,'1-Players'!$D$2:$D$27,"") -> James Batemon | I77: Substitution - Out | K77: {=IFERROR(_xlfn.IFS(I77="Free Throw",1,I77="2-Point Shot",2,I77="Dunk",2,I77="3-Point Shot",3),"")} | L77: {=IFERROR(_xlfn.IFS(J77="Made",1,J77="Missed",0),"")} | M77: =IFERROR(K77*L77,"") | R77: =IF(J77<>"Made","",IF(I78="Assist","S","N")) | S77: {=IFERROR(_xlfn.IFS(I77="Offensive Rebound",1),"")} | T77: {=IFERROR(_xlfn.IFS(I77="Defensive Rebound",1),"")} | U77: {=IFERROR(_xlfn.IFS(I77="Assist",1),"")} | V77: {=IFERROR(_xlfn.IFS(I77="Turnover",1),"")} | W77: {=IFERROR(_xlfn.IFS(I77="Steal",1),"")} | X77: {=IFERROR(_xlfn.IFS(I77="Block",1),"")} | Y77: {=IFERROR(_xlfn.IFS(I77="Block Received",1),"")} | Z77: {=IFERROR(_xlfn.IFS(I77="Foul",1,I77="Foul Technical",1,I77="Offensive Foul",1),"")} | AA77: {=IFERROR(_xlfn.IFS(I77="Foul Received",1),"")} | AB77: {=IFERROR(_xlfn.IFS(I77="Starting lineup",C77,I77="Substitution - In",C77),"")} | AC77: {=IFERROR(_xlfn.IFS(I77="Finishing lineup",C77,I77="Substitution - Out",C77),"")} -> 0.0036342593 | AD77: {=IF(AC77<>"",LOOKUP(2,1/((G$2:G76=G77)*(AB$2:AB76<>"")),AB$2:AB76)-AC77,"")} -> 0.0033101852 | AE77: {=IF(AC77<>"",LOOKUP(2,1/((G$2:G76=G77)*(AB$2:AB76<>"")),AB$2:AB76)-AC77,"")} -> 0.0033101852
A78: 1 | B78: 77 | C78: 0.0036342593 | D78: =MINUTE(C78) -> 5 | E78: =SECOND(C78) -> 14 | F78: LLEIDA | G78: JL02 | H78: =_xlfn.XLOOKUP(G78,'1-Players'!$A$2:$A$27,'1-Players'!$D$2:$D$27,"") -> Corey Walden | I78: Substitution - In | K78: {=IFERROR(_xlfn.IFS(I78="Free Throw",1,I78="2-Point Shot",2,I78="Dunk",2,I78="3-Point Shot",3),"")} | L78: {=IFERROR(_xlfn.IFS(J78="Made",1,J78="Missed",0),"")} | M78: =IFERROR(K78*L78,"") | R78: =IF(J78<>"Made","",IF(I79="Assist","S","N")) | S78: {=IFERROR(_xlfn.IFS(I78="Offensive Rebound",1),"")} | T78: {=IFERROR(_xlfn.IFS(I78="Defensive Rebound",1),"")} | U78: {=IFERROR(_xlfn.IFS(I78="Assist",1),"")} | V78: {=IFERROR(_xlfn.IFS(I78="Turnover",1),"")} | W78: {=IFERROR(_xlfn.IFS(I78="Steal",1),"")} | X78: {=IFERROR(_xlfn.IFS(I78="Block",1),"")} | Y78: {=IFERROR(_xlfn.IFS(I78="Block Received",1),"")} | Z78: {=IFERROR(_xlfn.IFS(I78="Foul",1,I78="Foul Technical",1,I78="Offensive Foul",1),"")} | AA78: {=IFERROR(_xlfn.IFS(I78="Foul Received",1),"")} | AB78: {=IFERROR(_xlfn.IFS(I78="Starting lineup",C78,I78="Substitution - In",C78),"")} -> 0.0036342593 | AC78: {=IFERROR(_xlfn.IFS(I78="Finishing lineup",C78,I78="Substitution - Out",C78),"")} | AD78: {=IF(AC78<>"",LOOKUP(2,1/((G$2:G77=G78)*(AB$2:AB77<>"")),AB$2:AB77)-AC78,"")} | AE78: {=IF(AC78<>"",LOOKUP(2,1/((G$2:G77=G78)*(AB$2:AB77<>"")),AB$2:AB77)-AC78,"")}
A79: 1 | B79: 78 | C79: 0.0034375 | D79: =MINUTE(C79) -> 4 | E79: =SECOND(C79) -> 57 | F79: MANRESA | G79: JM55 | H79: =_xlfn.XLOOKUP(G79,'1-Players'!$A$2:$A$27,'1-Players'!$D$2:$D$27,"") -> Dani Pérez | I79: Turnover | J79: Bad pass | K79: {=IFERROR(_xlfn.IFS(I79="Free Throw",1,I79="2-Point Shot",2,I79="Dunk",2,I79="3-Point Shot",3),"")} | L79: {=IFERROR(_xlfn.IFS(J79="Made",1,J79="Missed",0),"")} | M79: =IFERROR(K79*L79,"") | R79: =IF(J79<>"Made","",IF(I80="Assist","S","N")) | S79: {=IFERROR(_xlfn.IFS(I79="Offensive Rebound",1),"")} | T79: {=IFERROR(_xlfn.IFS(I79="Defensive Rebound",1),"")} | U79: {=IFERROR(_xlfn.IFS(I79="Assist",1),"")} | V79: {=IFERROR(_xlfn.IFS(I79="Turnover",1),"")} -> 1 | W79: {=IFERROR(_xlfn.IFS(I79="Steal",1),"")} | X79: {=IFERROR(_xlfn.IFS(I79="Block",1),"")} | Y79: {=IFERROR(_xlfn.IFS(I79="Block Received",1),"")} | Z79: {=IFERROR(_xlfn.IFS(I79="Foul",1,I79="Foul Technical",1,I79="Offensive Foul",1),"")} | AA79: {=IFERROR(_xlfn.IFS(I79="Foul Received",1),"")} | AB79: {=IFERROR(_xlfn.IFS(I79="Starting lineup",C79,I79="Substitution - In",C79),"")} | AC79: {=IFERROR(_xlfn.IFS(I79="Finishing lineup",C79,I79="Substitution - Out",C79),"")} | AD79: {=IF(AC79<>"",LOOKUP(2,1/((G$2:G78=G79)*(AB$2:AB78<>"")),AB$2:AB78)-AC79,"")} | AE79: {=IF(AC79<>"",LOOKUP(2,1/((G$2:G78=G79)*(AB$2:AB78<>"")),AB$2:AB78)-AC79,"")}
A80: 1 | B80: 79 | C80: 0.0034375 | D80: =MINUTE(C80) -> 4 | E80: =SECOND(C80) -> 57 | F80: LLEIDA | G80: JL07 | H80: =_xlfn.XLOOKUP(G80,'1-Players'!$A$2:$A$27,'1-Players'!$D$2:$D$27,"") -> Gyorgy Golomán | I80: Steal | K80: {=IFERROR(_xlfn.IFS(I80="Free Throw",1,I80="2-Point Shot",2,I80="Dunk",2,I80="3-Point Shot",3),"")} | L80: {=IFERROR(_xlfn.IFS(J80="Made",1,J80="Missed",0),"")} | M80: =IFERROR(K80*L80,"") | R80: =IF(J80<>"Made","",IF(I81="Assist","S","N")) | S80: {=IFERROR(_xlfn.IFS(I80="Offensive Rebound",1),"")} | T80: {=IFERROR(_xlfn.IFS(I80="Defensive Rebound",1),"")} | U80: {=IFERROR(_xlfn.IFS(I80="Assist",1),"")} | V80: {=IFERROR(_xlfn.IFS(I80="Turnover",1),"")} | W80: {=IFERROR(_xlfn.IFS(I80="Steal",1),"")} -> 1 | X80: {=IFERROR(_xlfn.IFS(I80="Block",1),"")} | Y80: {=IFERROR(_xlfn.IFS(I80="Block Received",1),"")} | Z80: {=IFERROR(_xlfn.IFS(I80="Foul",1,I80="Foul Technical",1,I80="Offensive Foul",1),"")} | AA80: {=IFERROR(_xlfn.IFS(I80="Foul Received",1),"")} | AB80: {=IFERROR(_xlfn.IFS(I80="Starting lineup",C80,I80="Substitution - In",C80),"")} | AC80: {=IFERROR(_xlfn.IFS(I80="Finishing lineup",C80,I80="Substitution - Out",C80),"")} | AD80: {=IF(AC80<>"",LOOKUP(2,1/((G$2:G79=G80)*(AB$2:AB79<>"")),AB$2:AB79)-AC80,"")} | AE80: {=IF(AC80<>"",LOOKUP(2,1/((G$2:G79=G80)*(AB$2:AB79<>"")),AB$2:AB79)-AC80,"")}
A81: 1 | B81: 80 | C81: 0.0031828704 | D81: =MINUTE(C81) -> 4 | E81: =SECOND(C81) -> 35 | F81: MANRESA | G81: JM99 | H81: =_xlfn.XLOOKUP(G81,'1-Players'!$A$2:$A$27,'1-Players'!$D$2:$D$27,"") -> Alfonso Plummer | I81: Foul | J81: 3FT | K81: {=IFERROR(_xlfn.IFS(I81="Free Throw",1,I81="2-Point Shot",2,I81="Dunk",2,I81="3-Point Shot",3),"")} | L81: {=IFERROR(_xlfn.IFS(J81="Made",1,J81="Missed",0),"")} | M81: =IFERROR(K81*L81,"") | R81: =IF(J81<>"Made","",IF(I82="Assist","S","N")) | S81: {=IFERROR(_xlfn.IFS(I81="Offensive Rebound",1),"")} | T81: {=IFERROR(_xlfn.IFS(I81="Defensive Rebound",1),"")} | U81: {=IFERROR(_xlfn.IFS(I81="Assist",1),"")} | V81: {=IFERROR(_xlfn.IFS(I81="Turnover",1),"")} | W81: {=IFERROR(_xlfn.IFS(I81="Steal",1),"")} | X81: {=IFERROR(_xlfn.IFS(I81="Block",1),"")} | Y81: {=IFERROR(_xlfn.IFS(I81="Block Received",1),"")} | Z81: {=IFERROR(_xlfn.IFS(I81="Foul",1,I81="Foul Technical",1,I81="Offensive Foul",1),"")} -> 1 | AA81: {=IFERROR(_xlfn.IFS(I81="Foul Received",1),"")} | AB81: {=IFERROR(_xlfn.IFS(I81="Starting lineup",C81,I81="Substitution - In",C81),"")} | AC81: {=IFERROR(_xlfn.IFS(I81="Finishing lineup",C81,I81="Substitution - Out",C81),"")} | AD81: {=IF(AC81<>"",LOOKUP(2,1/((G$2:G80=G81)*(AB$2:AB80<>"")),AB$2:AB80)-AC81,"")} | AE81: {=IF(AC81<>"",LOOKUP(2,1/((G$2:G80=G81)*(AB$2:AB80<>"")),AB$2:AB80)-AC81,"")}
A82: 1 | B82: 81 | C82: 0.0031828704 | D82: =MINUTE(C82) -> 4 | E82: =SECOND(C82) -> 35 | F82: LLEIDA | G82: JL06 | H82: =_xlfn.XLOOKUP(G82,'1-Players'!$A$2:$A$27,'1-Players'!$D$2:$D$27,"") -> Kristers Zoriks | I82: Foul Received | K82: {=IFERROR(_xlfn.IFS(I82="Free Throw",1,I82="2-Point Shot",2,I82="Dunk",2,I82="3-Point Shot",3),"")} | L82: {=IFERROR(_xlfn.IFS(J82="Made",1,J82="Missed",0),"")} | M82: =IFERROR(K82*L82,"") | R82: =IF(J82<>"Made","",IF(I83="Assist","S","N")) | S82: {=IFERROR(_xlfn.IFS(I82="Offensive Rebound",1),"")} | T82: {=IFERROR(_xlfn.IFS(I82="Defensive Rebound",1),"")} | U82: {=IFERROR(_xlfn.IFS(I82="Assist",1),"")} | V82: {=IFERROR(_xlfn.IFS(I82="Turnover",1),"")} | W82: {=IFERROR(_xlfn.IFS(I82="Steal",1),"")} | X82: {=IFERROR(_xlfn.IFS(I82="Block",1),"")} | Y82: {=IFERROR(_xlfn.IFS(I82="Block Received",1),"")} | Z82: {=IFERROR(_xlfn.IFS(I82="Foul",1,I82="Foul Technical",1,I82="Offensive Foul",1),"")} | AA82: {=IFERROR(_xlfn.IFS(I82="Foul Received",1),"")} -> 1 | AB82: {=IFERROR(_xlfn.IFS(I82="Starting lineup",C82,I82="Substitution - In",C82),"")} | AC82: {=IFERROR(_xlfn.IFS(I82="Finishing lineup",C82,I82="Substitution - Out",C82),"")} | AD82: {=IF(AC82<>"",LOOKUP(2,1/((G$2:G81=G82)*(AB$2:AB81<>"")),AB$2:AB81)-AC82,"")} | AE82: {=IF(AC82<>"",LOOKUP(2,1/((G$2:G81=G82)*(AB$2:AB81<>"")),AB$2:AB81)-AC82,"")}
A83: 1 | B83: 81 | C83: 0.0031828704 | D83: =MINUTE(C83) -> 4 | E83: =SECOND(C83) -> 35 | F83: MANRESA | G83: JM08 | H83: =_xlfn.XLOOKUP(G83,'1-Players'!$A$2:$A$27,'1-Players'!$D$2:$D$27,"") -> Álex Reyes | I83: Substitution - Out | K83: {=IFERROR(_xlfn.IFS(I83="Free Throw",1,I83="2-Point Shot",2,I83="Dunk",2,I83="3-Point Shot",3),"")} | L83: {=IFERROR(_xlfn.IFS(J83="Made",1,J83="Missed",0),"")} | M83: =IFERROR(K83*L83,"") | R83: =IF(J83<>"Made","",IF(I84="Assist","S","N")) | S83: {=IFERROR(_xlfn.IFS(I83="Offensive Rebound",1),"")} | T83: {=IFERROR(_xlfn.IFS(I83="Defensive Rebound",1),"")} | U83: {=IFERROR(_xlfn.IFS(I83="Assist",1),"")} | V83: {=IFERROR(_xlfn.IFS(I83="Turnover",1),"")} | W83: {=IFERROR(_xlfn.IFS(I83="Steal",1),"")} | X83: {=IFERROR(_xlfn.IFS(I83="Block",1),"")} | Y83: {=IFERROR(_xlfn.IFS(I83="Block Received",1),"")} | Z83: {=IFERROR(_xlfn.IFS(I83="Foul",1,I83="Foul Technical",1,I83="Offensive Foul",1),"")} | AA83: {=IFERROR(_xlfn.IFS(I83="Foul Received",1),"")} | AB83: {=IFERROR(_xlfn.IFS(I83="Starting lineup",C83,I83="Substitution - In",C83),"")} | AC83: {=IFERROR(_xlfn.IFS(I83="Finishing lineup",C83,I83="Substitution - Out",C83),"")} -> 0.0031828704 | AD83: {=IF(AC83<>"",LOOKUP(2,1/((G$2:G82=G83)*(AB$2:AB82<>"")),AB$2:AB82)-AC83,"")} -> 0.0037615741 | AE83: {=IF(AC83<>"",LOOKUP(2,1/((G$2:G82=G83)*(AB$2:AB82<>"")),AB$2:AB82)-AC83,"")} -> 0.0037615741
A84: 1 | B84: 82 | C84: 0.0031828704 | D84: =MINUTE(C84) -> 4 | E84: =SECOND(C84) -> 35 | F84: MANRESA | G84: JM11 | H84: =_xlfn.XLOOKUP(G84,'1-Players'!$A$2:$A$27,'1-Players'!$D$2:$D$27,"") -> Agustín Ubal | I84: Substitution - In | K84: {=IFERROR(_xlfn.IFS(I84="Free Throw",1,I84="2-Point Shot",2,I84="Dunk",2,I84="3-Point Shot",3),"")} | L84: {=IFERROR(_xlfn.IFS(J84="Made",1,J84="Missed",0),"")} | M84: =IFERROR(K84*L84,"") | R84: =IF(J84<>"Made","",IF(I85="Assist","S","N")) | S84: {=IFERROR(_xlfn.IFS(I84="Offensive Rebound",1),"")} | T84: {=IFERROR(_xlfn.IFS(I84="Defensive Rebound",1),"")} | U84: {=IFERROR(_xlfn.IFS(I84="Assist",1),"")} | V84: {=IFERROR(_xlfn.IFS(I84="Turnover",1),"")} | W84: {=IFERROR(_xlfn.IFS(I84="Steal",1),"")} | X84: {=IFERROR(_xlfn.IFS(I84="Block",1),"")} | Y84: {=IFERROR(_xlfn.IFS(I84="Block Received",1),"")} | Z84: {=IFERROR(_xlfn.IFS(I84="Foul",1,I84="Foul Technical",1,I84="Offensive Foul",1),"")} | AA84: {=IFERROR(_xlfn.IFS(I84="Foul Received",1),"")} | AB84: {=IFERROR(_xlfn.IFS(I84="Starting lineup",C84,I84="Substitution - In",C84),"")} -> 0.0031828704 | AC84: {=IFERROR(_xlfn.IFS(I84="Finishing lineup",C84,I84="Substitution - Out",C84),"")} | AD84: {=IF(AC84<>"",LOOKUP(2,1/((G$2:G83=G84)*(AB$2:AB83<>"")),AB$2:AB83)-AC84,"")} | AE84: {=IF(AC84<>"",LOOKUP(2,1/((G$2:G83=G84)*(AB$2:AB83<>"")),AB$2:AB83)-AC84,"")}
A85: 1 | B85: 84 | C85: 0.0031828704 | D85: =MINUTE(C85) -> 4 | E85: =SECOND(C85) -> 35 | F85: LLEIDA | G85: JL06 | H85: =_xlfn.XLOOKUP(G85,'1-Players'!$A$2:$A$27,'1-Players'!$D$2:$D$27,"") -> Kristers Zoriks | I85: Free Throw | J85: Made | K85: {=IFERROR(_xlfn.IFS(I85="Free Throw",1,I85="2-Point Shot",2,I85="Dunk",2,I85="3-Point Shot",3),"")} -> 1 | L85: {=IFERROR(_xlfn.IFS(J85="Made",1,J85="Missed",0),"")} -> 1 | M85: =IFERROR(K85*L85,"") -> 1 | R85: =IF(J85<>"Made","",IF(I86="Assist","S","N")) -> N | S85: {=IFERROR(_xlfn.IFS(I85="Offensive Rebound",1),"")} | T85: {=IFERROR(_xlfn.IFS(I85="Defensive Rebound",1),"")} | U85: {=IFERROR(_xlfn.IFS(I85="Assist",1),"")} | V85: {=IFERROR(_xlfn.IFS(I85="Turnover",1),"")} | W85: {=IFERROR(_xlfn.IFS(I85="Steal",1),"")} | X85: {=IFERROR(_xlfn.IFS(I85="Block",1),"")} | Y85: {=IFERROR(_xlfn.IFS(I85="Block Received",1),"")} | Z85: {=IFERROR(_xlfn.IFS(I85="Foul",1,I85="Foul Technical",1,I85="Offensive Foul",1),"")} | AA85: {=IFERROR(_xlfn.IFS(I85="Foul Received",1),"")} | AB85: {=IFERROR(_xlfn.IFS(I85="Starting lineup",C85,I85="Substitution - In",C85),"")} | AC85: {=IFERROR(_xlfn.IFS(I85="Finishing lineup",C85,I85="Substitution - Out",C85),"")} | AD85: {=IF(AC85<>"",LOOKUP(2,1/((G$2:G84=G85)*(AB$2:AB84<>"")),AB$2:AB84)-AC85,"")} | AE85: {=IF(AC85<>"",LOOKUP(2,1/((G$2:G84=G85)*(AB$2:AB84<>"")),AB$2:AB84)-AC85,"")}
A86: 1 | B86: 85 | C86: 0.0031828704 | D86: =MINUTE(C86) -> 4 | E86: =SECOND(C86) -> 35 | F86: LLEIDA | G86: JL06 | H86: =_xlfn.XLOOKUP(G86,'1-Players'!$A$2:$A$27,'1-Players'!$D$2:$D$27,"") -> Kristers Zoriks | I86: Free Throw | J86: Made | K86: {=IFERROR(_xlfn.IFS(I86="Free Throw",1,I86="2-Point Shot",2,I86="Dunk",2,I86="3-Point Shot",3),"")} -> 1 | L86: {=IFERROR(_xlfn.IFS(J86="Made",1,J86="Missed",0),"")} -> 1 | M86: =IFERROR(K86*L86,"") -> 1 | R86: =IF(J86<>"Made","",IF(I87="Assist","S","N")) -> N | S86: {=IFERROR(_xlfn.IFS(I86="Offensive Rebound",1),"")} | T86: {=IFERROR(_xlfn.IFS(I86="Defensive Rebound",1),"")} | U86: {=IFERROR(_xlfn.IFS(I86="Assist",1),"")} | V86: {=IFERROR(_xlfn.IFS(I86="Turnover",1),"")} | W86: {=IFERROR(_xlfn.IFS(I86="Steal",1),"")} | X86: {=IFERROR(_xlfn.IFS(I86="Block",1),"")} | Y86: {=IFERROR(_xlfn.IFS(I86="Block Received",1),"")} | Z86: {=IFERROR(_xlfn.IFS(I86="Foul",1,I86="Foul Technical",1,I86="Offensive Foul",1),"")} | AA86: {=IFERROR(_xlfn.IFS(I86="Foul Received",1),"")} | AB86: {=IFERROR(_xlfn.IFS(I86="Starting lineup",C86,I86="Substitution - In",C86),"")} | AC86: {=IFERROR(_xlfn.IFS(I86="Finishing lineup",C86,I86="Substitution - Out",C86),"")} | AD86: {=IF(AC86<>"",LOOKUP(2,1/((G$2:G85=G86)*(AB$2:AB85<>"")),AB$2:AB85)-AC86,"")} | AE86: {=IF(AC86<>"",LOOKUP(2,1/((G$2:G85=G86)*(AB$2:AB85<>"")),AB$2:AB85)-AC86,"")}
A87: 1 | B87: 86 | C87: 0.0031828704 | D87: =MINUTE(C87) -> 4 | E87: =SECOND(C87) -> 35 | F87: LLEIDA | G87: JL06 | H87: =_xlfn.XLOOKUP(G87,'1-Players'!$A$2:$A$27,'1-Players'!$D$2:$D$27,"") -> Kristers Zoriks | I87: Free Throw | J87: Missed | K87: {=IFERROR(_xlfn.IFS(I87="Free Throw",1,I87="2-Point Shot",2,I87="Dunk",2,I87="3-Point Shot",3),"")} -> 1 | L87: {=IFERROR(_xlfn.IFS(J87="Made",1,J87="Missed",0),"")} -> 0 | M87: =IFERROR(K87*L87,"") -> 0 | R87: =IF(J87<>"Made","",IF(I88="Assist","S","N")) | S87: {=IFERROR(_xlfn.IFS(I87="Offensive Rebound",1),"")} | T87: {=IFERROR(_xlfn.IFS(I87="Defensive Rebound",1),"")} | U87: {=IFERROR(_xlfn.IFS(I87="Assist",1),"")} | V87: {=IFERROR(_xlfn.IFS(I87="Turnover",1),"")} | W87: {=IFERROR(_xlfn.IFS(I87="Steal",1),"")} | X87: {=IFERROR(_xlfn.IFS(I87="Block",1),"")} | Y87: {=IFERROR(_xlfn.IFS(I87="Block Received",1),"")} | Z87: {=IFERROR(_xlfn.IFS(I87="Foul",1,I87="Foul Technical",1,I87="Offensive Foul",1),"")} | AA87: {=IFERROR(_xlfn.IFS(I87="Foul Received",1),"")} | AB87: {=IFERROR(_xlfn.IFS(I87="Starting lineup",C87,I87="Substitution - In",C87),"")} | AC87: {=IFERROR(_xlfn.IFS(I87="Finishing lineup",C87,I87="Substitution - Out",C87),"")} | AD87: {=IF(AC87<>"",LOOKUP(2,1/((G$2:G86=G87)*(AB$2:AB86<>"")),AB$2:AB86)-AC87,"")} | AE87: {=IF(AC87<>"",LOOKUP(2,1/((G$2:G86=G87)*(AB$2:AB86<>"")),AB$2:AB86)-AC87,"")}
A88: 1 | B88: 87 | C88: 0.0031828704 | D88: =MINUTE(C88) -> 4 | E88: =SECOND(C88) -> 35 | F88: MANRESA | G88: JM00 | H88: =_xlfn.XLOOKUP(G88,'1-Players'!$A$2:$A$27,'1-Players'!$D$2:$D$27,"") -> Kaodirichi Akobundu | I88: Defensive Rebound | K88: {=IFERROR(_xlfn.IFS(I88="Free Throw",1,I88="2-Point Shot",2,I88="Dunk",2,I88="3-Point Shot",3),"")} | L88: {=IFERROR(_xlfn.IFS(J88="Made",1,J88="Missed",0),"")} | M88: =IFERROR(K88*L88,"") | R88: =IF(J88<>"Made","",IF(I89="Assist","S","N")) | S88: {=IFERROR(_xlfn.IFS(I88="Offensive Rebound",1),"")} | T88: {=IFERROR(_xlfn.IFS(I88="Defensive Rebound",1),"")} -> 1 | U88: {=IFERROR(_xlfn.IFS(I88="Assist",1),"")} | V88: {=IFERROR(_xlfn.IFS(I88="Turnover",1),"")} | W88: {=IFERROR(_xlfn.IFS(I88="Steal",1),"")} | X88: {=IFERROR(_xlfn.IFS(I88="Block",1),"")} | Y88: {=IFERROR(_xlfn.IFS(I88="Block Received",1),"")} | Z88: {=IFERROR(_xlfn.IFS(I88="Foul",1,I88="Foul Technical",1,I88="Offensive Foul",1),"")} | AA88: {=IFERROR(_xlfn.IFS(I88="Foul Received",1),"")} | AB88: {=IFERROR(_xlfn.IFS(I88="Starting lineup",C88,I88="Substitution - In",C88),"")} | AC88: {=IFERROR(_xlfn.IFS(I88="Finishing lineup",C88,I88="Substitution - Out",C88),"")} | AD88: {=IF(AC88<>"",LOOKUP(2,1/((G$2:G87=G88)*(AB$2:AB87<>"")),AB$2:AB87)-AC88,"")} | AE88: {=IF(AC88<>"",LOOKUP(2,1/((G$2:G87=G88)*(AB$2:AB87<>"")),AB$2:AB87)-AC88,"")}
A89: 1 | B89: 88 | C89: 0.0029513889 | D89: =MINUTE(C89) -> 4 | E89: =SECOND(C89) -> 15 | F89: MANRESA | G89: JM55 | H89: =_xlfn.XLOOKUP(G89,'1-Players'!$A$2:$A$27,'1-Players'!$D$2:$D$27,"") -> Dani Pérez | I89: 3-Point Shot | J89: Missed | K89: {=IFERROR(_xlfn.IFS(I89="Free Throw",1,I89="2-Point Shot",2,I89="Dunk",2,I89="3-Point Shot",3),"")} -> 3 | L89: {=IFERROR(_xlfn.IFS(J89="Made",1,J89="Missed",0),"")} -> 0 | M89: =IFERROR(K89*L89,"") -> 0 | N89: Pull-up | O89: TI | P89: 2 | Q89: S | R89: =IF(J89<>"Made","",IF(I90="Assist","S","N")) | S89: {=IFERROR(_xlfn.IFS(I89="Offensive Rebound",1),"")} | T89: {=IFERROR(_xlfn.IFS(I89="Defensive Rebound",1),"")} | U89: {=IFERROR(_xlfn.IFS(I89="Assist",1),"")} | V89: {=IFERROR(_xlfn.IFS(I89="Turnover",1),"")} | W89: {=IFERROR(_xlfn.IFS(I89="Steal",1),"")} | X89: {=IFERROR(_xlfn.IFS(I89="Block",1),"")} | Y89: {=IFERROR(_xlfn.IFS(I89="Block Received",1),"")} | Z89: {=IFERROR(_xlfn.IFS(I89="Foul",1,I89="Foul Technical",1,I89="Offensive Foul",1),"")} | AA89: {=IFERROR(_xlfn.IFS(I89="Foul Received",1),"")} | AB89: {=IFERROR(_xlfn.IFS(I89="Starting lineup",C89,I89="Substitution - In",C89),"")} | AC89: {=IFERROR(_xlfn.IFS(I89="Finishing lineup",C89,I89="Substitution - Out",C89),"")} | AD89: {=IF(AC89<>"",LOOKUP(2,1/((G$2:G88=G89)*(AB$2:AB88<>"")),AB$2:AB88)-AC89,"")} | AE89: {=IF(AC89<>"",LOOKUP(2,1/((G$2:G88=G89)*(AB$2:AB88<>"")),AB$2:AB88)-AC89,"")}
A90: 1 | B90: 89 | C90: 0.0029513889 | D90: =MINUTE(C90) -> 4 | E90: =SECOND(C90) -> 15 | F90: LLEIDA | G90: JL02 | H90: =_xlfn.XLOOKUP(G90,'1-Players'!$A$2:$A$27,'1-Players'!$D$2:$D$27,"") -> Corey Walden | I90: Defensive Rebound | K90: {=IFERROR(_xlfn.IFS(I90="Free Throw",1,I90="2-Point Shot",2,I90="Dunk",2,I90="3-Point Shot",3),"")} | L90: {=IFERROR(_xlfn.IFS(J90="Made",1,J90="Missed",0),"")} | M90: =IFERROR(K90*L90,"") | R90: =IF(J90<>"Made","",IF(I91="Assist","S","N")) | S90: {=IFERROR(_xlfn.IFS(I90="Offensive Rebound",1),"")} | T90: {=IFERROR(_xlfn.IFS(I90="Defensive Rebound",1),"")} -> 1 | U90: {=IFERROR(_xlfn.IFS(I90="Assist",1),"")} | V90: {=IFERROR(_xlfn.IFS(I90="Turnover",1),"")} | W90: {=IFERROR(_xlfn.IFS(I90="Steal",1),"")} | X90: {=IFERROR(_xlfn.IFS(I90="Block",1),"")} | Y90: {=IFERROR(_xlfn.IFS(I90="Block Received",1),"")} | Z90: {=IFERROR(_xlfn.IFS(I90="Foul",1,I90="Foul Technical",1,I90="Offensive Foul",1),"")} | AA90: {=IFERROR(_xlfn.IFS(I90="Foul Received",1),"")} | AB90: {=IFERROR(_xlfn.IFS(I90="Starting lineup",C90,I90="Substitution - In",C90),"")} | AC90: {=IFERROR(_xlfn.IFS(I90="Finishing lineup",C90,I90="Substitution - Out",C90),"")} | AD90: {=IF(AC90<>"",LOOKUP(2,1/((G$2:G89=G90)*(AB$2:AB89<>"")),AB$2:AB89)-AC90,"")} | AE90: {=IF(AC90<>"",LOOKUP(2,1/((G$2:G89=G90)*(AB$2:AB89<>"")),AB$2:AB89)-AC90,"")}
A91: 1 | B91: 90 | C91: 0.0028009259 | D91: =MINUTE(C91) -> 4 | E91: =SECOND(C91) -> 2 | F91: LLEIDA | G91: JL07 | H91: =_xlfn.XLOOKUP(G91,'1-Players'!$A$2:$A$27,'1-Players'!$D$2:$D$27,"") -> Gyorgy Golomán | I91: 2-Point Shot | J91: Made | K91: {=IFERROR(_xlfn.IFS(I91="Free Throw",1,I91="2-Point Shot",2,I91="Dunk",2,I91="3-Point Shot",3),"")} -> 2 | L91: {=IFERROR(_xlfn.IFS(J91="Made",1,J91="Missed",0),"")} -> 1 | M91: =IFERROR(K91*L91,"") -> 2 | N91: Lay-up | O91: PI | P91: 16 | Q91: S | R91: =IF(J91<>"Made","",IF(I92="Assist","S","N")) -> S | S91: {=IFERROR(_xlfn.IFS(I91="Offensive Rebound",1),"")} | T91: {=IFERROR(_xlfn.IFS(I91="Defensive Rebound",1),"")} | U91: {=IFERROR(_xlfn.IFS(I91="Assist",1),"")} | V91: {=IFERROR(_xlfn.IFS(I91="Turnover",1),"")} | W91: {=IFERROR(_xlfn.IFS(I91="Steal",1),"")} | X91: {=IFERROR(_xlfn.IFS(I91="Block",1),"")} | Y91: {=IFERROR(_xlfn.IFS(I91="Block Received",1),"")} | Z91: {=IFERROR(_xlfn.IFS(I91="Foul",1,I91="Foul Technical",1,I91="Offensive Foul",1),"")} | AA91: {=IFERROR(_xlfn.IFS(I91="Foul Received",1),"")} | AB91: {=IFERROR(_xlfn.IFS(I91="Starting lineup",C91,I91="Substitution - In",C91),"")} | AC91: {=IFERROR(_xlfn.IFS(I91="Finishing lineup",C91,I91="Substitution - Out",C91),"")} | AD91: {=IF(AC91<>"",LOOKUP(2,1/((G$2:G90=G91)*(AB$2:AB90<>"")),AB$2:AB90)-AC91,"")} | AE91: {=IF(AC91<>"",LOOKUP(2,1/((G$2:G90=G91)*(AB$2:AB90<>"")),AB$2:AB90)-AC91,"")}
A92: 1 | B92: 91 | C92: 0.0028009259 | D92: =MINUTE(C92) -> 4 | E92: =SECOND(C92) -> 2 | F92: LLEIDA | G92: JL22 | H92: =_xlfn.XLOOKUP(G92,'1-Players'!$A$2:$A$27,'1-Players'!$D$2:$D$27,"") -> John Shurna | I92: Assist | K92: {=IFERROR(_xlfn.IFS(I92="Free Throw",1,I92="2-Point Shot",2,I92="Dunk",2,I92="3-Point Shot",3),"")} | L92: {=IFERROR(_xlfn.IFS(J92="Made",1,J92="Missed",0),"")} | M92: =IFERROR(K92*L92,"") | R92: =IF(J92<>"Made","",IF(I93="Assist","S","N")) | S92: {=IFERROR(_xlfn.IFS(I92="Offensive Rebound",1),"")} | T92: {=IFERROR(_xlfn.IFS(I92="Defensive Rebound",1),"")} | U92: {=IFERROR(_xlfn.IFS(I92="Assist",1),"")} -> 1 | V92: {=IFERROR(_xlfn.IFS(I92="Turnover",1),"")} | W92: {=IFERROR(_xlfn.IFS(I92="Steal",1),"")} | X92: {=IFERROR(_xlfn.IFS(I92="Block",1),"")} | Y92: {=IFERROR(_xlfn.IFS(I92="Block Received",1),"")} | Z92: {=IFERROR(_xlfn.IFS(I92="Foul",1,I92="Foul Technical",1,I92="Offensive Foul",1),"")} | AA92: {=IFERROR(_xlfn.IFS(I92="Foul Received",1),"")} | AB92: {=IFERROR(_xlfn.IFS(I92="Starting lineup",C92,I92="Substitution - In",C92),"")} | AC92: {=IFERROR(_xlfn.IFS(I92="Finishing lineup",C92,I92="Substitution - Out",C92),"")} | AD92: {=IF(AC92<>"",LOOKUP(2,1/((G$2:G91=G92)*(AB$2:AB91<>"")),AB$2:AB91)-AC92,"")} | AE92: {=IF(AC92<>"",LOOKUP(2,1/((G$2:G91=G92)*(AB$2:AB91<>"")),AB$2:AB91)-AC92,"")}
A93: 1 | B93: 92 | C93: 0.0028009259 | D93: =MINUTE(C93) -> 4 | E93: =SECOND(C93) -> 2 | F93: MANRESA | G93: JM00 | H93: =_xlfn.XLOOKUP(G93,'1-Players'!$A$2:$A$27,'1-Players'!$D$2:$D$27,"") -> Kaodirichi Akobundu | I93: Foul | K93: {=IFERROR(_xlfn.IFS(I93="Free Throw",1,I93="2-Point Shot",2,I93="Dunk",2,I93="3-Point Shot",3),"")} | L93: {=IFERROR(_xlfn.IFS(J93="Made",1,J93="Missed",0),"")} | M93: =IFERROR(K93*L93,"") | R93: =IF(J93<>"Made","",IF(I94="Assist","S","N")) | S93: {=IFERROR(_xlfn.IFS(I93="Offensive Rebound",1),"")} | T93: {=IFERROR(_xlfn.IFS(I93="Defensive Rebound",1),"")} | U93: {=IFERROR(_xlfn.IFS(I93="Assist",1),"")} | V93: {=IFERROR(_xlfn.IFS(I93="Turnover",1),"")} | W93: {=IFERROR(_xlfn.IFS(I93="Steal",1),"")} | X93: {=IFERROR(_xlfn.IFS(I93="Block",1),"")} | Y93: {=IFERROR(_xlfn.IFS(I93="Block Received",1),"")} | Z93: {=IFERROR(_xlfn.IFS(I93="Foul",1,I93="Foul Technical",1,I93="Offensive Foul",1),"")} -> 1 | AA93: {=IFERROR(_xlfn.IFS(I93="Foul Received",1),"")} | AB93: {=IFERROR(_xlfn.IFS(I93="Starting lineup",C93,I93="Substitution - In",C93),"")} | AC93: {=IFERROR(_xlfn.IFS(I93="Finishing lineup",C93,I93="Substitution - Out",C93),"")} | AD93: {=IF(AC93<>"",LOOKUP(2,1/((G$2:G92=G93)*(AB$2:AB92<>"")),AB$2:AB92)-AC93,"")} | AE93: {=IF(AC93<>"",LOOKUP(2,1/((G$2:G92=G93)*(AB$2:AB92<>"")),AB$2:AB92)-AC93,"")}
A94: 1 | B94: 93 | C94: 0.0028009259 | D94: =MINUTE(C94) -> 4 | E94: =SECOND(C94) -> 2 | F94: LLEIDA | G94: JL07 | H94: =_xlfn.XLOOKUP(G94,'1-Players'!$A$2:$A$27,'1-Players'!$D$2:$D$27,"") -> Gyorgy Golomán | I94: Foul Received | K94: {=IFERROR(_xlfn.IFS(I94="Free Throw",1,I94="2-Point Shot",2,I94="Dunk",2,I94="3-Point Shot",3),"")} | L94: {=IFERROR(_xlfn.IFS(J94="Made",1,J94="Missed",0),"")} | M94: =IFERROR(K94*L94,"") | R94: =IF(J94<>"Made","",IF(I95="Assist","S","N")) | S94: {=IFERROR(_xlfn.IFS(I94="Offensive Rebound",1),"")} | T94: {=IFERROR(_xlfn.IFS(I94="Defensive Rebound",1),"")} | U94: {=IFERROR(_xlfn.IFS(I94="Assist",1),"")} | V94: {=IFERROR(_xlfn.IFS(I94="Turnover",1),"")} | W94: {=IFERROR(_xlfn.IFS(I94="Steal",1),"")} | X94: {=IFERROR(_xlfn.IFS(I94="Block",1),"")} | Y94: {=IFERROR(_xlfn.IFS(I94="Block Received",1),"")} | Z94: {=IFERROR(_xlfn.IFS(I94="Foul",1,I94="Foul Technical",1,I94="Offensive Foul",1),"")} | AA94: {=IFERROR(_xlfn.IFS(I94="Foul Received",1),"")} -> 1 | AB94: {=IFERROR(_xlfn.IFS(I94="Starting lineup",C94,I94="Substitution - In",C94),"")} | AC94: {=IFERROR(_xlfn.IFS(I94="Finishing lineup",C94,I94="Substitution - Out",C94),"")} | AD94: {=IF(AC94<>"",LOOKUP(2,1/((G$2:G93=G94)*(AB$2:AB93<>"")),AB$2:AB93)-AC94,"")} | AE94: {=IF(AC94<>"",LOOKUP(2,1/((G$2:G93=G94)*(AB$2:AB93<>"")),AB$2:AB93)-AC94,"")}
A95: 1 | B95: 94 | C95: 0.0028009259 | D95: =MINUTE(C95) -> 4 | E95: =SECOND(C95) -> 2 | F95: LLEIDA | G95: JL07 | H95: =_xlfn.XLOOKUP(G95,'1-Players'!$A$2:$A$27,'1-Players'!$D$2:$D$27,"") -> Gyorgy Golomán | I95: Free Throw | J95: Made | K95: {=IFERROR(_xlfn.IFS(I95="Free Throw",1,I95="2-Point Shot",2,I95="Dunk",2,I95="3-Point Shot",3),"")} -> 1 | L95: {=IFERROR(_xlfn.IFS(J95="Made",1,J95="Missed",0),"")} -> 1 | M95: =IFERROR(K95*L95,"") -> 1 | R95: =IF(J95<>"Made","",IF(I96="Assist","S","N")) -> N | S95: {=IFERROR(_xlfn.IFS(I95="Offensive Rebound",1),"")} | T95: {=IFERROR(_xlfn.IFS(I95="Defensive Rebound",1),"")} | U95: {=IFERROR(_xlfn.IFS(I95="Assist",1),"")} | V95: {=IFERROR(_xlfn.IFS(I95="Turnover",1),"")} | W95: {=IFERROR(_xlfn.IFS(I95="Steal",1),"")} | X95: {=IFERROR(_xlfn.IFS(I95="Block",1),"")} | Y95: {=IFERROR(_xlfn.IFS(I95="Block Received",1),"")} | Z95: {=IFERROR(_xlfn.IFS(I95="Foul",1,I95="Foul Technical",1,I95="Offensive Foul",1),"")} | AA95: {=IFERROR(_xlfn.IFS(I95="Foul Received",1),"")} | AB95: {=IFERROR(_xlfn.IFS(I95="Starting lineup",C95,I95="Substitution - In",C95),"")} | AC95: {=IFERROR(_xlfn.IFS(I95="Finishing lineup",C95,I95="Substitution - Out",C95),"")} | AD95: {=IF(AC95<>"",LOOKUP(2,1/((G$2:G94=G95)*(AB$2:AB94<>"")),AB$2:AB94)-AC95,"")} | AE95: {=IF(AC95<>"",LOOKUP(2,1/((G$2:G94=G95)*(AB$2:AB94<>"")),AB$2:AB94)-AC95,"")}
A96: 1 | B96: 95 | C96: 0.0027893519 | D96: =MINUTE(C96) -> 4 | E96: =SECOND(C96) -> 1 | F96: MANRESA | G96: JM11 | H96: =_xlfn.XLOOKUP(G96,'1-Players'!$A$2:$A$27,'1-Players'!$D$2:$D$27,"") -> Agustín Ubal | I96: Turnover | J96: Bad pass | K96: {=IFERROR(_xlfn.IFS(I96="Free Throw",1,I96="2-Point Shot",2,I96="Dunk",2,I96="3-Point Shot",3),"")} | L96: {=IFERROR(_xlfn.IFS(J96="Made",1,J96="Missed",0),"")} | M96: =IFERROR(K96*L96,"") | R96: =IF(J96<>"Made","",IF(I97="Assist","S","N")) | S96: {=IFERROR(_xlfn.IFS(I96="Offensive Rebound",1),"")} | T96: {=IFERROR(_xlfn.IFS(I96="Defensive Rebound",1),"")} | U96: {=IFERROR(_xlfn.IFS(I96="Assist",1),"")} | V96: {=IFERROR(_xlfn.IFS(I96="Turnover",1),"")} -> 1 | W96: {=IFERROR(_xlfn.IFS(I96="Steal",1),"")} | X96: {=IFERROR(_xlfn.IFS(I96="Block",1),"")} | Y96: {=IFERROR(_xlfn.IFS(I96="Block Received",1),"")} | Z96: {=IFERROR(_xlfn.IFS(I96="Foul",1,I96="Foul Technical",1,I96="Offensive Foul",1),"")} | AA96: {=IFERROR(_xlfn.IFS(I96="Foul Received",1),"")} | AB96: {=IFERROR(_xlfn.IFS(I96="Starting lineup",C96,I96="Substitution - In",C96),"")} | AC96: {=IFERROR(_xlfn.IFS(I96="Finishing lineup",C96,I96="Substitution - Out",C96),"")} | AD96: {=IF(AC96<>"",LOOKUP(2,1/((G$2:G95=G96)*(AB$2:AB95<>"")),AB$2:AB95)-AC96,"")} | AE96: {=IF(AC96<>"",LOOKUP(2,1/((G$2:G95=G96)*(AB$2:AB95<>"")),AB$2:AB95)-AC96,"")}
A97: 1 | B97: 96 | C97: 0.0027893519 | D97: =MINUTE(C97) -> 4 | E97: =SECOND(C97) -> 1 | F97: LLEIDA | G97: JL16 | H97: =_xlfn.XLOOKUP(G97,'1-Players'!$A$2:$A$27,'1-Players'!$D$2:$D$27,"") -> Millán Jiménez | I97: Steal | K97: {=IFERROR(_xlfn.IFS(I97="Free Throw",1,I97="2-Point Shot",2,I97="Dunk",2,I97="3-Point Shot",3),"")} | L97: {=IFERROR(_xlfn.IFS(J97="Made",1,J97="Missed",0),"")} | M97: =IFERROR(K97*L97,"") | R97: =IF(J97<>"Made","",IF(I98="Assist","S","N")) | S97: {=IFERROR(_xlfn.IFS(I97="Offensive Rebound",1),"")} | T97: {=IFERROR(_xlfn.IFS(I97="Defensive Rebound",1),"")} | U97: {=IFERROR(_xlfn.IFS(I97="Assist",1),"")} | V97: {=IFERROR(_xlfn.IFS(I97="Turnover",1),"")} | W97: {=IFERROR(_xlfn.IFS(I97="Steal",1),"")} -> 1 | X97: {=IFERROR(_xlfn.IFS(I97="Block",1),"")} | Y97: {=IFERROR(_xlfn.IFS(I97="Block Received",1),"")} | Z97: {=IFERROR(_xlfn.IFS(I97="Foul",1,I97="Foul Technical",1,I97="Offensive Foul",1),"")} | AA97: {=IFERROR(_xlfn.IFS(I97="Foul Received",1),"")} | AB97: {=IFERROR(_xlfn.IFS(I97="Starting lineup",C97,I97="Substitution - In",C97),"")} | AC97: {=IFERROR(_xlfn.IFS(I97="Finishing lineup",C97,I97="Substitution - Out",C97),"")} | AD97: {=IF(AC97<>"",LOOKUP(2,1/((G$2:G96=G97)*(AB$2:AB96<>"")),AB$2:AB96)-AC97,"")} | AE97: {=IF(AC97<>"",LOOKUP(2,1/((G$2:G96=G97)*(AB$2:AB96<>"")),AB$2:AB96)-AC97,"")}
A98: 1 | B98: 97 | C98: 0.0027546296 | D98: =MINUTE(C98) -> 3 | E98: =SECOND(C98) -> 58 | F98: LLEIDA | G98: JL02 | H98: =_xlfn.XLOOKUP(G98,'1-Players'!$A$2:$A$27,'1-Players'!$D$2:$D$27,"") -> Corey Walden | I98: 3-Point Shot | J98: Missed | K98: {=IFERROR(_xlfn.IFS(I98="Free Throw",1,I98="2-Point Shot",2,I98="Dunk",2,I98="3-Point Shot",3),"")} -> 3 | L98: {=IFERROR(_xlfn.IFS(J98="Made",1,J98="Missed",0),"")} -> 0 | M98: =IFERROR(K98*L98,"") -> 0 | N98: Spot-up | O98: TI | P98: 21 | Q98: N | R98: =IF(J98<>"Made","",IF(I99="Assist","S","N")) | S98: {=IFERROR(_xlfn.IFS(I98="Offensive Rebound",1),"")} | T98: {=IFERROR(_xlfn.IFS(I98="Defensive Rebound",1),"")} | U98: {=IFERROR(_xlfn.IFS(I98="Assist",1),"")} | V98: {=IFERROR(_xlfn.IFS(I98="Turnover",1),"")} | W98: {=IFERROR(_xlfn.IFS(I98="Steal",1),"")} | X98: {=IFERROR(_xlfn.IFS(I98="Block",1),"")} | Y98: {=IFERROR(_xlfn.IFS(I98="Block Received",1),"")} | Z98: {=IFERROR(_xlfn.IFS(I98="Foul",1,I98="Foul Technical",1,I98="Offensive Foul",1),"")} | AA98: {=IFERROR(_xlfn.IFS(I98="Foul Received",1),"")} | AB98: {=IFERROR(_xlfn.IFS(I98="Starting lineup",C98,I98="Substitution - In",C98),"")} | AC98: {=IFERROR(_xlfn.IFS(I98="Finishing lineup",C98,I98="Substitution - Out",C98),"")} | AD98: {=IF(AC98<>"",LOOKUP(2,1/((G$2:G97=G98)*(AB$2:AB97<>"")),AB$2:AB97)-AC98,"")} | AE98: {=IF(AC98<>"",LOOKUP(2,1/((G$2:G97=G98)*(AB$2:AB97<>"")),AB$2:AB97)-AC98,"")}
A99: 1 | B99: 98 | C99: 0.0027546296 | D99: =MINUTE(C99) -> 3 | E99: =SECOND(C99) -> 58 | F99: MANRESA | G99: JM19 | H99: =_xlfn.XLOOKUP(G99,'1-Players'!$A$2:$A$27,'1-Players'!$D$2:$D$27,"") -> Louis Olinde | I99: Defensive Rebound | K99: {=IFERROR(_xlfn.IFS(I99="Free Throw",1,I99="2-Point Shot",2,I99="Dunk",2,I99="3-Point Shot",3),"")} | L99: {=IFERROR(_xlfn.IFS(J99="Made",1,J99="Missed",0),"")} | M99: =IFERROR(K99*L99,"") | R99: =IF(J99<>"Made","",IF(I100="Assist","S","N")) | S99: {=IFERROR(_xlfn.IFS(I99="Offensive Rebound",1),"")} | T99: {=IFERROR(_xlfn.IFS(I99="Defensive Rebound",1),"")} -> 1 | U99: {=IFERROR(_xlfn.IFS(I99="Assist",1),"")} | V99: {=IFERROR(_xlfn.IFS(I99="Turnover",1),"")} | W99: {=IFERROR(_xlfn.IFS(I99="Steal",1),"")} | X99: {=IFERROR(_xlfn.IFS(I99="Block",1),"")} | Y99: {=IFERROR(_xlfn.IFS(I99="Block Received",1),"")} | Z99: {=IFERROR(_xlfn.IFS(I99="Foul",1,I99="Foul Technical",1,I99="Offensive Foul",1),"")} | AA99: {=IFERROR(_xlfn.IFS(I99="Foul Received",1),"")} | AB99: {=IFERROR(_xlfn.IFS(I99="Starting lineup",C99,I99="Substitution - In",C99),"")} | AC99: {=IFERROR(_xlfn.IFS(I99="Finishing lineup",C99,I99="Substitution - Out",C99),"")} | AD99: {=IF(AC99<>"",LOOKUP(2,1/((G$2:G98=G99)*(AB$2:AB98<>"")),AB$2:AB98)-AC99,"")} | AE99: {=IF(AC99<>"",LOOKUP(2,1/((G$2:G98=G99)*(AB$2:AB98<>"")),AB$2:AB98)-AC99,"")}
A100: 1 | B100: 99 | C100: 0.0027083333 | D100: =MINUTE(C100) -> 3 | E100: =SECOND(C100) -> 54 | F100: MANRESA | G100: JM19 | H100: =_xlfn.XLOOKUP(G100,'1-Players'!$A$2:$A$27,'1-Players'!$D$2:$D$27,"") -> Louis Olinde | I100: Turnover | J100: Controlled ball | K100: {=IFERROR(_xlfn.IFS(I100="Free Throw",1,I100="2-Point Shot",2,I100="Dunk",2,I100="3-Point Shot",3),"")} | L100: {=IFERROR(_xlfn.IFS(J100="Made",1,J100="Missed",0),"")} | M100: =IFERROR(K100*L100,"") | R100: =IF(J100<>"Made","",IF(I101="Assist","S","N")) | S100: {=IFERROR(_xlfn.IFS(I100="Offensive Rebound",1),"")} | T100: {=IFERROR(_xlfn.IFS(I100="Defensive Rebound",1),"")} | U100: {=IFERROR(_xlfn.IFS(I100="Assist",1),"")} | V100: {=IFERROR(_xlfn.IFS(I100="Turnover",1),"")} -> 1 | W100: {=IFERROR(_xlfn.IFS(I100="Steal",1),"")} | X100: {=IFERROR(_xlfn.IFS(I100="Block",1),"")} | Y100: {=IFERROR(_xlfn.IFS(I100="Block Received",1),"")} | Z100: {=IFERROR(_xlfn.IFS(I100="Foul",1,I100="Foul Technical",1,I100="Offensive Foul",1),"")} | AA100: {=IFERROR(_xlfn.IFS(I100="Foul Received",1),"")} | AB100: {=IFERROR(_xlfn.IFS(I100="Starting lineup",C100,I100="Substitution - In",C100),"")} | AC100: {=IFERROR(_xlfn.IFS(I100="Finishing lineup",C100,I100="Substitution - Out",C100),"")} | AD100: {=IF(AC100<>"",LOOKUP(2,1/((G$2:G99=G100)*(AB$2:AB99<>"")),AB$2:AB99)-AC100,"")} | AE100: {=IF(AC100<>"",LOOKUP(2,1/((G$2:G99=G100)*(AB$2:AB99<>"")),AB$2:AB99)-AC100,"")}
...

Sheet 3-Mins_Played_1Q
A1: Jugador_ID | B1: Nombre | C1: Titular | D1: Primera_Entrada | E1: Última_entrada | F1: Primera_Salida | G1: Ultima_Salida | H1: Juega_Algun_Minuto | I1: Acaba_Cuarto | J1: Min_Pista_Jugador_Acaba_Cuarto_Ult_Subint | K1: Min_Pista_Jugador_Resto_Subintervalos | L1: Min_TOTAL | M1: Min_TOTAL_EQUIPO | O1: CUARTO | P1: Acaba_Cuarto_final
A2: JM00 | B2: Kaodirichi Akobundu | C2: NO | D2: =_xlfn.MAXIFS('2-DATASET'!AB:AB,'2-DATASET'!G:G,'1-Players'!A2,'2-DATASET'!A:A,$O$2) -> 0 | E2: =_xlfn.MINIFS('2-DATASET'!AB:AB,'2-DATASET'!G:G,'1-Players'!A2,'2-DATASET'!A:A,$O$2) -> 0 | F2: =_xlfn.MAXIFS('2-DATASET'!AC:AC,'2-DATASET'!G:G,'1-Players'!A2,'2-DATASET'!A:A,$O$2) -> 0 | G2: =_xlfn.MINIFS('2-DATASET'!AC:AC,'2-DATASET'!G:G,'1-Players'!A2,'2-DATASET'!A:A,$O$2) -> 0 | H2: =IF(D2=0,FALSE,TRUE) -> FALSE | I2: =OR(AND(IF(G2>E2,TRUE,FALSE),H2=TRUE),AND(G2=0,H2=TRUE)) -> FALSE | J2: =IF(I2=TRUE,E2,0) -> 0 | K2: =SUMIFS('2-DATASET'!AD:AD,'2-DATASET'!G:G,'3-Mins_Played_1Q'!A2,'2-DATASET'!A:A,$O$2) -> 0 | L2: =J2+K2 -> 0 | O2: 2
A3: JM02 | B3: Hugo Benítez | C3: SI | D3: =_xlfn.MAXIFS('2-DATASET'!AB:AB,'2-DATASET'!G:G,'1-Players'!A3,'2-DATASET'!A:A,$O$2) -> 0 | E3: =_xlfn.MINIFS('2-DATASET'!AB:AB,'2-DATASET'!G:G,'1-Players'!A3,'2-DATASET'!A:A,$O$2) -> 0 | F3: =_xlfn.MAXIFS('2-DATASET'!AC:AC,'2-DATASET'!G:G,'1-Players'!A3) -> 0.0043055556 | G3: =_xlfn.MINIFS('2-DATASET'!AC:AC,'2-DATASET'!G:G,'1-Players'!A3) -> 0.0043055556 | H3: =IF(D3=0,FALSE,TRUE) -> FALSE | I3: =OR(AND(IF(G3>E3,TRUE,FALSE),H3=TRUE),AND(G3=0,H3=TRUE)) -> FALSE | J3: =IF(I3=TRUE,E3,0) -> 0 | K3: =SUMIFS('2-DATASET'!AD:AD,'2-DATASET'!G:G,'3-Mins_Played_1Q'!A3,'2-DATASET'!A:A,$O$2) -> 0 | L3: =J3+K3 -> 0
A4: JM08 | B4: Álex Reyes | C4: SI | D4: =_xlfn.MAXIFS('2-DATASET'!AB:AB,'2-DATASET'!G:G,'1-Players'!A4,'2-DATASET'!A:A,$O$2) -> 0 | E4: =_xlfn.MINIFS('2-DATASET'!AB:AB,'2-DATASET'!G:G,'1-Players'!A4,'2-DATASET'!A:A,$O$2) -> 0 | F4: =_xlfn.MAXIFS('2-DATASET'!AC:AC,'2-DATASET'!G:G,'1-Players'!A4) -> 0.0031828704 | G4: =_xlfn.MINIFS('2-DATASET'!AC:AC,'2-DATASET'!G:G,'1-Players'!A4) -> 0.0031828704 | H4: =IF(D4=0,FALSE,TRUE) -> FALSE | I4: =OR(AND(IF(G4>E4,TRUE,FALSE),H4=TRUE),AND(G4=0,H4=TRUE)) -> FALSE | J4: =IF(I4=TRUE,E4,0) -> 0 | K4: =SUMIFS('2-DATASET'!AD:AD,'2-DATASET'!G:G,'3-Mins_Played_1Q'!A4,'2-DATASET'!A:A,$O$2) -> 0 | L4: =J4+K4 -> 0
A5: JM11 | B5: Agustín Ubal | C5: NO | D5: =_xlfn.MAXIFS('2-DATASET'!AB:AB,'2-DATASET'!G:G,'1-Players'!A5,'2-DATASET'!A:A,$O$2) -> 0.0069444444 | E5: =_xlfn.MINIFS('2-DATASET'!AB:AB,'2-DATASET'!G:G,'1-Players'!A5,'2-DATASET'!A:A,$O$2) -> 0.0069444444 | F5: =_xlfn.MAXIFS('2-DATASET'!AC:AC,'2-DATASET'!G:G,'1-Players'!A5) -> 0 | G5: =_xlfn.MINIFS('2-DATASET'!AC:AC,'2-DATASET'!G:G,'1-Players'!A5) -> 0 | H5: =IF(D5=0,FALSE,TRUE) -> TRUE | I5: =OR(AND(IF(G5>E5,TRUE,FALSE),H5=TRUE),AND(G5=0,H5=TRUE)) -> TRUE | J5: =IF(I5=TRUE,E5,0) -> 0.0069444444 | K5: =SUMIFS('2-DATASET'!AD:AD,'2-DATASET'!G:G,'3-Mins_Played_1Q'!A5,'2-DATASET'!A:A,$O$2) -> 0 | L5: =J5+K5 -> 0.0069444444
A6: JM12 | B6: Marcis Steinbergs | C6: SI | D6: =_xlfn.MAXIFS('2-DATASET'!AB:AB,'2-DATASET'!G:G,'1-Players'!A6,'2-DATASET'!A:A,$O$2) -> 0.0069444444 | E6: =_xlfn.MINIFS('2-DATASET'!AB:AB,'2-DATASET'!G:G,'1-Players'!A6,'2-DATASET'!A:A,$O$2) -> 0.0069444444 | F6: =_xlfn.MAXIFS('2-DATASET'!AC:AC,'2-DATASET'!G:G,'1-Players'!A6) -> 0.0046990741 | G6: =_xlfn.MINIFS('2-DATASET'!AC:AC,'2-DATASET'!G:G,'1-Players'!A6) -> 0 | H6: =IF(D6=0,FALSE,TRUE) -> TRUE | I6: =OR(AND(IF(G6>E6,TRUE,FALSE),H6=TRUE),AND(G6=0,H6=TRUE)) -> TRUE | J6: =IF(I6=TRUE,E6,0) -> 0.0069444444 | K6: =SUMIFS('2-DATASET'!AD:AD,'2-DATASET'!G:G,'3-Mins_Played_1Q'!A6,'2-DATASET'!A:A,$O$2) -> 0 | L6: =J6+K6 -> 0.0069444444
A7: JM18 | B7: Gustav Knudsen | C7: NO | D7: =_xlfn.MAXIFS('2-DATASET'!AB:AB,'2-DATASET'!G:G,'1-Players'!A7,'2-DATASET'!A:A,$O$2) -> 0 | E7: =_xlfn.MINIFS('2-DATASET'!AB:AB,'2-DATASET'!G:G,'1-Players'!A7,'2-DATASET'!A:A,$O$2) -> 0 | F7: =_xlfn.MAXIFS('2-DATASET'!AC:AC,'2-DATASET'!G:G,'1-Players'!A7) -> 0 | G7: =_xlfn.MINIFS('2-DATASET'!AC:AC,'2-DATASET'!G:G,'1-Players'!A7) -> 0 | H7: =IF(D7=0,FALSE,TRUE) -> FALSE | I7: =OR(AND(IF(G7>E7,TRUE,FALSE),H7=TRUE),AND(G7=0,H7=TRUE)) -> FALSE | J7: =IF(I7=TRUE,E7,0) -> 0 | K7: =SUMIFS('2-DATASET'!AD:AD,'2-DATASET'!G:G,'3-Mins_Played_1Q'!A7,'2-DATASET'!A:A,$O$2) -> 0 | L7: =J7+K7 -> 0
A8: JM19 | B8: Louis Olinde | C8: NO | D8: =_xlfn.MAXIFS('2-DATASET'!AB:AB,'2-DATASET'!G:G,'1-Players'!A8,'2-DATASET'!A:A,$O$2) -> 0 | E8: =_xlfn.MINIFS('2-DATASET'!AB:AB,'2-DATASET'!G:G,'1-Players'!A8,'2-DATASET'!A:A,$O$2) -> 0 | F8: =_xlfn.MAXIFS('2-DATASET'!AC:AC,'2-DATASET'!G:G,'1-Players'!A8) -> 0.0015509259 | G8: =_xlfn.MINIFS('2-DATASET'!AC:AC,'2-DATASET'!G:G,'1-Players'!A8) -> 0.0015509259 | H8: =IF(D8=0,FALSE,TRUE) -> FALSE | I8: =OR(AND(IF(G8>E8,TRUE,FALSE),H8=TRUE),AND(G8=0,H8=TRUE)) -> FALSE | J8: =IF(I8=TRUE,E8,0) -> 0 | K8: =SUMIFS('2-DATASET'!AD:AD,'2-DATASET'!G:G,'3-Mins_Played_1Q'!A8,'2-DATASET'!A:A,$O$2) -> 0 | L8: =J8+K8 -> 0
A9: JM32 | B9: Retin Obasohan | C9: SI | D9: =_xlfn.MAXIFS('2-DATASET'!AB:AB,'2-DATASET'!G:G,'1-Players'!A9,'2-DATASET'!A:A,$O$2) -> 0 | E9: =_xlfn.MINIFS('2-DATASET'!AB:AB,'2-DATASET'!G:G,'1-Players'!A9,'2-DATASET'!A:A,$O$2) -> 0 | F9: =_xlfn.MAXIFS('2-DATASET'!AC:AC,'2-DATASET'!G:G,'1-Players'!A9) -> 0.0036342593 | G9: =_xlfn.MINIFS('2-DATASET'!AC:AC,'2-DATASET'!G:G,'1-Players'!A9) -> 0.0036342593 | H9: =IF(D9=0,FALSE,TRUE) -> FALSE | I9: =OR(AND(IF(G9>E9,TRUE,FALSE),H9=TRUE),AND(G9=0,H9=TRUE)) -> FALSE | J9: =IF(I9=TRUE,E9,0) -> 0 | K9: =SUMIFS('2-DATASET'!AD:AD,'2-DATASET'!G:G,'3-Mins_Played_1Q'!A9,'2-DATASET'!A:A,$O$2) -> 0 | L9: =J9+K9 -> 0
A10: JM33 | B10: Grant Golden | C10: SI | D10: =_xlfn.MAXIFS('2-DATASET'!AB:AB,'2-DATASET'!G:G,'1-Players'!A10,'2-DATASET'!A:A,$O$2) -> 0.0069444444 | E10: =_xlfn.MINIFS('2-DATASET'!AB:AB,'2-DATASET'!G:G,'1-Players'!A10,'2-DATASET'!A:A,$O$2) -> 0.0069444444 | F10: =_xlfn.MAXIFS('2-DATASET'!AC:AC,'2-DATASET'!G:G,'1-Players'!A10) -> 0.0039930556 | G10: =_xlfn.MINIFS('2-DATASET'!AC:AC,'2-DATASET'!G:G,'1-Players'!A10) -> 0 | H10: =IF(D10=0,FALSE,TRUE) -> TRUE | I10: =OR(AND(IF(G10>E10,TRUE,FALSE),H10=TRUE),AND(G10=0,H10=TRUE)) -> TRUE | J10: =IF(I10=TRUE,E10,0) -> 0.0069444444 | K10: =SUMIFS('2-DATASET'!AD:AD,'2-DATASET'!G:G,'3-Mins_Played_1Q'!A10,'2-DATASET'!A:A,$O$2) -> 0 | L10: =J10+K10 -> 0.0069444444
A11: JM47 | B11: Archange Izaw Bolavie | C11: NO | D11: =_xlfn.MAXIFS('2-DATASET'!AB:AB,'2-DATASET'!G:G,'1-Players'!A11,'2-DATASET'!A:A,$O$2) -> 0 | E11: =_xlfn.MINIFS('2-DATASET'!AB:AB,'2-DATASET'!G:G,'1-Players'!A11,'2-DATASET'!A:A,$O$2) -> 0 | F11: =_xlfn.MAXIFS('2-DATASET'!AC:AC,'2-DATASET'!G:G,'1-Players'!A11) -> 0 | G11: =_xlfn.MINIFS('2-DATASET'!AC:AC,'2-DATASET'!G:G,'1-Players'!A11) -> 0 | H11: =IF(D11=0,FALSE,TRUE) -> FALSE | I11: =OR(AND(IF(G11>E11,TRUE,FALSE),H11=TRUE),AND(G11=0,H11=TRUE)) -> FALSE | J11: =IF(I11=TRUE,E11,0) -> 0 | K11: =SUMIFS('2-DATASET'!AD:AD,'2-DATASET'!G:G,'3-Mins_Played_1Q'!A11,'2-DATASET'!A:A,$O$2) -> 0 | L11: =J11+K11 -> 0
A12: JM55 | B12: Dani Pérez | C12: NO | D12: =_xlfn.MAXIFS('2-DATASET'!AB:AB,'2-DATASET'!G:G,'1-Players'!A12,'2-DATASET'!A:A,$O$2) -> 0.0069444444 | E12: =_xlfn.MINIFS('2-DATASET'!AB:AB,'2-DATASET'!G:G,'1-Players'!A12,'2-DATASET'!A:A,$O$2) -> 0.0069444444 | F12: =_xlfn.MAXIFS('2-DATASET'!AC:AC,'2-DATASET'!G:G,'1-Players'!A12) -> 0 | G12: =_xlfn.MINIFS('2-DATASET'!AC:AC,'2-DATASET'!G:G,'1-Players'!A12) -> 0 | H12: =IF(D12=0,FALSE,TRUE) -> TRUE | I12: =OR(AND(IF(G12>E12,TRUE,FALSE),H12=TRUE),AND(G12=0,H12=TRUE)) -> TRUE | J12: =IF(I12=TRUE,E12,0) -> 0.0069444444 | K12: =SUMIFS('2-DATASET'!AD:AD,'2-DATASET'!G:G,'3-Mins_Played_1Q'!A12,'2-DATASET'!A:A,$O$2) -> 0 | L12: =J12+K12 -> 0.0069444444
A13: JM99 | B13: Alfonso Plummer | C13: NO | D13: =_xlfn.MAXIFS('2-DATASET'!AB:AB,'2-DATASET'!G:G,'1-Players'!A13,'2-DATASET'!A:A,$O$2) -> 0.0069444444 | E13: =_xlfn.MINIFS('2-DATASET'!AB:AB,'2-DATASET'!G:G,'1-Players'!A13,'2-DATASET'!A:A,$O$2) -> 0.0069444444 | F13: =_xlfn.MAXIFS('2-DATASET'!AC:AC,'2-DATASET'!G:G,'1-Players'!A13) -> 0 | G13: =_xlfn.MINIFS('2-DATASET'!AC:AC,'2-DATASET'!G:G,'1-Players'!A13) -> 0 | H13: =IF(D13=0,FALSE,TRUE) -> TRUE | I13: =OR(AND(IF(G13>E13,TRUE,FALSE),H13=TRUE),AND(G13=0,H13=TRUE)) -> TRUE | J13: =IF(I13=TRUE,E13,0) -> 0.0069444444 | K13: =SUMIFS('2-DATASET'!AD:AD,'2-DATASET'!G:G,'3-Mins_Played_1Q'!A13,'2-DATASET'!A:A,$O$2) -> 0 | L13: =J13+K13 -> 0.0069444444
A14: JL01 | B14: James Batemon | C14: SI | D14: =_xlfn.MAXIFS('2-DATASET'!AB:AB,'2-DATASET'!G:G,'1-Players'!A14,'2-DATASET'!A:A,$O$2) -> 0 | E14: =_xlfn.MINIFS('2-DATASET'!AB:AB,'2-DATASET'!G:G,'1-Players'!A14,'2-DATASET'!A:A,$O$2) -> 0 | F14: =_xlfn.MAXIFS('2-DATASET'!AC:AC,'2-DATASET'!G:G,'1-Players'!A14) -> 0.0036342593 | G14: =_xlfn.MINIFS('2-DATASET'!AC:AC,'2-DATASET'!G:G,'1-Players'!A14) -> 0.0036342593 | H14: =IF(D14=0,FALSE,TRUE) -> FALSE | I14: =OR(AND(IF(G14>E14,TRUE,FALSE),H14=TRUE),AND(G14=0,H14=TRUE)) -> FALSE | J14: =IF(I14=TRUE,E14,0) -> 0 | K14: =SUMIFS('2-DATASET'!AD:AD,'2-DATASET'!G:G,'3-Mins_Played_1Q'!A14,'2-DATASET'!A:A,$O$2) -> 0 | L14: =J14+K14 -> 0
... A24: JL22 | B24: John Shurna | C24: NO | D24: =_xlfn.MAXIFS('2-DATASET'!AB:AB,'2-DATASET'!G:G,'1-Players'!A24,'2-DATASET'!A:A,$O$2) -> 0.0069444444 | E24: =_xlfn.MINIFS('2-DATASET'!AB:AB,'2-DATASET'!G:G,'1-Players'!A24,'2-DATASET'!A:A,$O$2) -> 0.0069444444 | F24: =_xlfn.MAXIFS('2-DATASET'!AC:AC,'2-DATASET'!G:G,'1-Players'!A24) -> 0 | G24: =_xlfn.MINIFS('2-DATASET'!AC:AC,'2-DATASET'!G:G,'1-Players'!A24) -> 0 | H24: =IF(D24=0,FALSE,TRUE) -> TRUE | I24: =OR(AND(IF(G24>E24,TRUE,FALSE),H24=TRUE),AND(G24=0,H24=TRUE)) -> TRUE | J24: =IF(I24=TRUE,E24,0) -> 0.0069444444 | K24: =SUMIFS('2-DATASET'!AD:AD,'2-DATASET'!G:G,'3-Mins_Played_1Q'!A24,'2-DATASET'!A:A,$O$2) -> 0 | L24: =J24+K24 -> 0.0069444444
A25: JL25 | B25: Cameron Krutwig | C25: NO | D25: =_xlfn.MAXIFS('2-DATASET'!AB:AB,'2-DATASET'!G:G,'1-Players'!A25,'2-DATASET'!A:A,$O$2) -> 0.0069444444 | E25: =_xlfn.MINIFS('2-DATASET'!AB:AB,'2-DATASET'!G:G,'1-Players'!A25,'2-DATASET'!A:A,$O$2) -> 0.0069444444 | F25: =_xlfn.MAXIFS('2-DATASET'!AC:AC,'2-DATASET'!G:G,'1-Players'!A25) -> 0 | G25: =_xlfn.MINIFS('2-DATASET'!AC:AC,'2-DATASET'!G:G,'1-Players'!A25) -> 0 | H25: =IF(D25=0,FALSE,TRUE) -> TRUE | I25: =OR(AND(IF(G25>E25,TRUE,FALSE),H25=TRUE),AND(G25=0,H25=TRUE)) -> TRUE | J25: =IF(I25=TRUE,E25,0) -> 0.0069444444 | K25: =SUMIFS('2-DATASET'!AD:AD,'2-DATASET'!G:G,'3-Mins_Played_1Q'!A25,'2-DATASET'!A:A,$O$2) -> 0 | L25: =J25+K25 -> 0.0069444444 | M25: Min_TOTAL_EQUIPO
A26: MAN | B26: TEAM - Manresa | M26: =SUM(L2:L13) -> 0.034722222 | N26: MAN
A27: LLE | B27: TEAM - Lleida | M27: =SUM(L14:L25) -> 0.034722222 | N27: LLE

Sheet 4-BOXSCORE_1Q
A1: Jugador_ID | B1: Nombre | C1: Minutos_Jugados | D1: PTS | E1: T2_Anot | F1: T2_Int | G1: T2% | H1: T3_Anot | I1: T3_Int | J1: T3% | K1: TL_Anot | L1: TL_Int | M1: TL% | N1: Def_Reb | O1: Off_Reb | P1: Tot_Reb | Q1: AST | R1: TO | S1: STL | T1: BLCK | U1: BLCK REC | V1: DUNK | W1: FOUL | X1: FOUL REC | Y1: VAL | AA1: CUARTO
A2: JM00 | B2: Kaodirichi Akobundu | C2: =SUMIFS('2-DATASET'!AE:AE,'2-DATASET'!G:G,'4-BOXSCORE_1Q'!A2,'2-DATASET'!A:A,$AA$2) -> 0.001400463 | D2: =SUMIFS('2-DATASET'!M:M,'2-DATASET'!G:G,'4-BOXSCORE_1Q'!A2,'2-DATASET'!A:A,$AA$2) -> 0 | E2: =(SUMIFS('2-DATASET'!K:K,'2-DATASET'!K:K,2,'2-DATASET'!L:L,1,'2-DATASET'!G:G,'4-BOXSCORE_1Q'!A2,'2-DATASET'!A:A,$AA$2))/2 -> 0 | F2: =(SUMIFS('2-DATASET'!K:K,'2-DATASET'!K:K,2,'2-DATASET'!G:G,'4-BOXSCORE_1Q'!A2,'2-DATASET'!A:A,$AA$2))/2 -> 0 | G2: =IF(F2=0,0,E2/F2) -> 0 | H2: =(SUMIFS('2-DATASET'!K:K,'2-DATASET'!K:K,3,'2-DATASET'!L:L,1,'2-DATASET'!G:G,'4-BOXSCORE_1Q'!A2,'2-DATASET'!A:A,$AA$2))/3 -> 0 | I2: =(SUMIFS('2-DATASET'!K:K,'2-DATASET'!K:K,3,'2-DATASET'!G:G,'4-BOXSCORE_1Q'!A2,'2-DATASET'!A:A,$AA$2))/3 -> 0 | J2: =IF(I2=0,0,H2/I2) -> 0 | K2: =(SUMIFS('2-DATASET'!K:K,'2-DATASET'!K:K,1,'2-DATASET'!L:L,1,'2-DATASET'!G:G,'4-BOXSCORE_1Q'!A2,'2-DATASET'!A:A,$AA$2))/1 -> 0 | L2: =(SUMIFS('2-DATASET'!K:K,'2-DATASET'!K:K,1,'2-DATASET'!G:G,'4-BOXSCORE_1Q'!A2,'2-DATASET'!A:A,$AA$2))/1 -> 0 | M2: =IF(L2=0,0,K2/L2) -> 0 | N2: =(SUMIFS('2-DATASET'!T:T,'2-DATASET'!G:G,'4-BOXSCORE_1Q'!A2,'2-DATASET'!A:A,$AA$2)) -> 1 | O2: =(SUMIFS('2-DATASET'!S:S,'2-DATASET'!G:G,'4-BOXSCORE_1Q'!A2,'2-DATASET'!A:A,$AA$2)) -> 0 | P2: =N2+O2 -> 1 | Q2: =(SUMIFS('2-DATASET'!U:U,'2-DATASET'!G:G,'4-BOXSCORE_1Q'!A2,'2-DATASET'!A:A,$AA$2)) -> 0 | R2: =(SUMIFS('2-DATASET'!V:V,'2-DATASET'!G:G,'4-BOXSCORE_1Q'!A2,'2-DATASET'!A:A,$AA$2)) -> 0 | S2: =(SUMIFS('2-DATASET'!W:W,'2-DATASET'!G:G,'4-BOXSCORE_1Q'!A2,'2-DATASET'!A:A,$AA$2)) -> 0 | T2: =(SUMIFS('2-DATASET'!X:X,'2-DATASET'!G:G,'4-BOXSCORE_1Q'!A2,'2-DATASET'!A:A,$AA$2)) -> 0 | U2: =(SUMIFS('2-DATASET'!Y:Y,'2-DATASET'!G:G,'4-BOXSCORE_1Q'!A2,'2-DATASET'!A:A,$AA$2)) -> 0 | V2: =(SUMIFS('2-DATASET'!K:K,'2-DATASET'!I:I,"Dunk",'2-DATASET'!G:G,'4-BOXSCORE_1Q'!A2,'2-DATASET'!A:A,$AA$2))/2 -> 0 | W2: =(SUMIFS('2-DATASET'!Z:Z,'2-DATASET'!G:G,'4-BOXSCORE_1Q'!A2,'2-DATASET'!A:A,$AA$2)) -> 2 | X2: =(SUMIFS('2-DATASET'!AA:AA,'2-DATASET'!G:G,'4-BOXSCORE_1Q'!A2,'2-DATASET'!A:A,$AA$2)) -> 0 | Y2: =D2+Q2+P2+S2+T2+X2-((F2-E2)+(I2-H2)+(L2-K2)+R2+U2+W2) -> -1 | AA2: 1
A3: JM02 | B3: Hugo Benítez | C3: =SUMIFS('2-DATASET'!AE:AE,'2-DATASET'!G:G,'4-BOXSCORE_1Q'!A3,'2-DATASET'!A:A,$AA$2) -> 0.0026388889 | D3: =SUMIFS('2-DATASET'!M:M,'2-DATASET'!G:G,'4-BOXSCORE_1Q'!A3,'2-DATASET'!A:A,$AA$2) -> 5 | E3: =(SUMIFS('2-DATASET'!K:K,'2-DATASET'!K:K,2,'2-DATASET'!L:L,1,'2-DATASET'!G:G,'4-BOXSCORE_1Q'!A3,'2-DATASET'!A:A,$AA$2))/2 -> 0 | F3: =(SUMIFS('2-DATASET'!K:K,'2-DATASET'!K:K,2,'2-DATASET'!G:G,'4-BOXSCORE_1Q'!A3,'2-DATASET'!A:A,$AA$2))/2 -> 0 | G3: =IF(F3=0,0,E3/F3) -> 0 | H3: =(SUMIFS('2-DATASET'!K:K,'2-DATASET'!K:K,3,'2-DATASET'!L:L,1,'2-DATASET'!G:G,'4-BOXSCORE_1Q'!A3,'2-DATASET'!A:A,$AA$2))/3 -> 1 | I3: =(SUMIFS('2-DATASET'!K:K,'2-DATASET'!K:K,3,'2-DATASET'!G:G,'4-BOXSCORE_1Q'!A3,'2-DATASET'!A:A,$AA$2))/3 -> 2 | J3: =IF(I3=0,0,H3/I3) -> 0.5 | K3: =(SUMIFS('2-DATASET'!K:K,'2-DATASET'!K:K,1,'2-DATASET'!L:L,1,'2-DATASET'!G:G,'4-BOXSCORE_1Q'!A3,'2-DATASET'!A:A,$AA$2))/1 -> 2 | L3: =(SUMIFS('2-DATASET'!K:K,'2-DATASET'!K:K,1,'2-DATASET'!G:G,'4-BOXSCORE_1Q'!A3,'2-DATASET'!A:A,$AA$2))/1 -> 2 | M3: =IF(L3=0,0,K3/L3) -> 1 | N3: =(SUMIFS('2-DATASET'!T:T,'2-DATASET'!G:G,'4-BOXSCORE_1Q'!A3,'2-DATASET'!A:A,$AA$2)) -> 0 | O3: =(SUMIFS('2-DATASET'!S:S,'2-DATASET'!G:G,'4-BOXSCORE_1Q'!A3,'2-DATASET'!A:A,$AA$2)) -> 0 | P3: =N3+O3 -> 0 | Q3: =(SUMIFS('2-DATASET'!U:U,'2-DATASET'!G:G,'4-BOXSCORE_1Q'!A3,'2-DATASET'!A:A,$AA$2)) -> 2 | R3: =(SUMIFS('2-DATASET'!V:V,'2-DATASET'!G:G,'4-BOXSCORE_1Q'!A3,'2-DATASET'!A:A,$AA$2)) -> 0 | S3: =(SUMIFS('2-DATASET'!W:W,'2-DATASET'!G:G,'4-BOXSCORE_1Q'!A3,'2-DATASET'!A:A,$AA$2)) -> 0 | T3: =(SUMIFS('2-DATASET'!X:X,'2-DATASET'!G:G,'4-BOXSCORE_1Q'!A3,'2-DATASET'!A:A,$AA$2)) -> 0 | U3: =(SUMIFS('2-DATASET'!Y:Y,'2-DATASET'!G:G,'4-BOXSCORE_1Q'!A3,'2-DATASET'!A:A,$AA$2)) -> 0 | V3: =(SUMIFS('2-DATASET'!K:K,'2-DATASET'!I:I,"Dunk",'2-DATASET'!G:G,'4-BOXSCORE_1Q'!A3,'2-DATASET'!A:A,$AA$2))/2 -> 0 | W3: =(SUMIFS('2-DATASET'!Z:Z,'2-DATASET'!G:G,'4-BOXSCORE_1Q'!A3,'2-DATASET'!A:A,$AA$2)) -> 2 | X3: =(SUMIFS('2-DATASET'!AA:AA,'2-DATASET'!G:G,'4-BOXSCORE_1Q'!A3,'2-DATASET'!A:A,$AA$2)) -> 1 | Y3: =D3+Q3+P3+S3+T3+X3-((F3-E3)+(I3-H3)+(L3-K3)+R3+U3+W3) -> 5
A4: JM08 | B4: Álex Reyes | C4: =SUMIFS('2-DATASET'!AE:AE,'2-DATASET'!G:G,'4-BOXSCORE_1Q'!A4,'2-DATASET'!A:A,$AA$2) -> 0.0037615741 | D4: =SUMIFS('2-DATASET'!M:M,'2-DATASET'!G:G,'4-BOXSCORE_1Q'!A4,'2-DATASET'!A:A,$AA$2) -> 5 | E4: =(SUMIFS('2-DATASET'!K:K,'2-DATASET'!K:K,2,'2-DATASET'!L:L,1,'2-DATASET'!G:G,'4-BOXSCORE_1Q'!A4,'2-DATASET'!A:A,$AA$2))/2 -> 1 | F4: =(SUMIFS('2-DATASET'!K:K,'2-DATASET'!K:K,2,'2-DATASET'!G:G,'4-BOXSCORE_1Q'!A4,'2-DATASET'!A:A,$AA$2))/2 -> 1 | G4: =IF(F4=0,0,E4/F4) -> 1 | H4: =(SUMIFS('2-DATASET'!K:K,'2-DATASET'!K:K,3,'2-DATASET'!L:L,1,'2-DATASET'!G:G,'4-BOXSCORE_1Q'!A4,'2-DATASET'!A:A,$AA$2))/3 -> 1 | I4: =(SUMIFS('2-DATASET'!K:K,'2-DATASET'!K:K,3,'2-DATASET'!G:G,'4-BOXSCORE_1Q'!A4,'2-DATASET'!A:A,$AA$2))/3 -> 1 | J4: =IF(I4=0,0,H4/I4) -> 1 | K4: =(SUMIFS('2-DATASET'!K:K,'2-DATASET'!K:K,1,'2-DATASET'!L:L,1,'2-DATASET'!G:G,'4-BOXSCORE_1Q'!A4,'2-DATASET'!A:A,$AA$2))/1 -> 0 | L4: =(SUMIFS('2-DATASET'!K:K,'2-DATASET'!K:K,1,'2-DATASET'!G:G,'4-BOXSCORE_1Q'!A4,'2-DATASET'!A:A,$AA$2))/1 -> 0 | M4: =IF(L4=0,0,K4/L4) -> 0 | N4: =(SUMIFS('2-DATASET'!T:T,'2-DATASET'!G:G,'4-BOXSCORE_1Q'!A4,'2-DATASET'!A:A,$AA$2)) -> 1 | O4: =(SUMIFS('2-DATASET'!S:S,'2-DATASET'!G:G,'4-BOXSCORE_1Q'!A4,'2-DATASET'!A:A,$AA$2)) -> 0 | P4: =N4+O4 -> 1 | Q4: =(SUMIFS('2-DATASET'!U:U,'2-DATASET'!G:G,'4-BOXSCORE_1Q'!A4,'2-DATASET'!A:A,$AA$2)) -> 0 | R4: =(SUMIFS('2-DATASET'!V:V,'2-DATASET'!G:G,'4-BOXSCORE_1Q'!A4,'2-DATASET'!A:A,$AA$2)) -> 0 | S4: =(SUMIFS('2-DATASET'!W:W,'2-DATASET'!G:G,'4-BOXSCORE_1Q'!A4,'2-DATASET'!A:A,$AA$2)) -> 0 | T4: =(SUMIFS('2-DATASET'!X:X,'2-DATASET'!G:G,'4-BOXSCORE_1Q'!A4,'2-DATASET'!A:A,$AA$2)) -> 0 | U4: =(SUMIFS('2-DATASET'!Y:Y,'2-DATASET'!G:G,'4-BOXSCORE_1Q'!A4,'2-DATASET'!A:A,$AA$2)) -> 0 | V4: =(SUMIFS('2-DATASET'!K:K,'2-DATASET'!I:I,"Dunk",'2-DATASET'!G:G,'4-BOXSCORE_1Q'!A4,'2-DATASET'!A:A,$AA$2))/2 -> 0 | W4: =(SUMIFS('2-DATASET'!Z:Z,'2-DATASET'!G:G,'4-BOXSCORE_1Q'!A4,'2-DATASET'!A:A,$AA$2)) -> 0 | X4: =(SUMIFS('2-DATASET'!AA:AA,'2-DATASET'!G:G,'4-BOXSCORE_1Q'!A4,'2-DATASET'!A:A,$AA$2)) -> 1 | Y4: =D4+Q4+P4+S4+T4+X4-((F4-E4)+(I4-H4)+(L4-K4)+R4+U4+W4) -> 7
A5: JM11 | B5: Agustín Ubal | C5: =SUMIFS('2-DATASET'!AE:AE,'2-DATASET'!G:G,'4-BOXSCORE_1Q'!A5,'2-DATASET'!A:A,$AA$2) -> 0.0031828704 | D5: =SUMIFS('2-DATASET'!M:M,'2-DATASET'!G:G,'4-BOXSCORE_1Q'!A5,'2-DATASET'!A:A,$AA$2) -> 2 | E5: =(SUMIFS('2-DATASET'!K:K,'2-DATASET'!K:K,2,'2-DATASET'!L:L,1,'2-DATASET'!G:G,'4-BOXSCORE_1Q'!A5,'2-DATASET'!A:A,$AA$2))/2 -> 1 | F5: =(SUMIFS('2-DATASET'!K:K,'2-DATASET'!K:K,2,'2-DATASET'!G:G,'4-BOXSCORE_1Q'!A5,'2-DATASET'!A:A,$AA$2))/2 -> 2 | G5: =IF(F5=0,0,E5/F5) -> 0.5 | H5: =(SUMIFS('2-DATASET'!K:K,'2-DATASET'!K:K,3,'2-DATASET'!L:L,1,'2-DATASET'!G:G,'4-BOXSCORE_1Q'!A5,'2-DATASET'!A:A,$AA$2))/3 -> 0 | I5: =(SUMIFS('2-DATASET'!K:K,'2-DATASET'!K:K,3,'2-DATASET'!G:G,'4-BOXSCORE_1Q'!A5,'2-DATASET'!A:A,$AA$2))/3 -> 0 | J5: =IF(I5=0,0,H5/I5) -> 0 | K5: =(SUMIFS('2-DATASET'!K:K,'2-DATASET'!K:K,1,'2-DATASET'!L:L,1,'2-DATASET'!G:G,'4-BOXSCORE_1Q'!A5,'2-DATASET'!A:A,$AA$2))/1 -> 0 | L5: =(SUMIFS('2-DATASET'!K:K,'2-DATASET'!K:K,1,'2-DATASET'!G:G,'4-BOXSCORE_1Q'!A5,'2-DATASET'!A:A,$AA$2))/1 -> 0 | M5: =IF(L5=0,0,K5/L5) -> 0 | N5: =(SUMIFS('2-DATASET'!T:T,'2-DATASET'!G:G,'4-BOXSCORE_1Q'!A5,'2-DATASET'!A:A,$AA$2)) -> 0 | O5: =(SUMIFS('2-DATASET'!S:S,'2-DATASET'!G:G,'4-BOXSCORE_1Q'!A5,'2-DATASET'!A:A,$AA$2)) -> 0 | P5: =N5+O5 -> 0 | Q5: =(SUMIFS('2-DATASET'!U:U,'2-DATASET'!G:G,'4-BOXSCORE_1Q'!A5,'2-DATASET'!A:A,$AA$2)) -> 0 | R5: =(SUMIFS('2-DATASET'!V:V,'2-DATASET'!G:G,'4-BOXSCORE_1Q'!A5,'2-DATASET'!A:A,$AA$2)) -> 1 | S5: =(SUMIFS('2-DATASET'!W:W,'2-DATASET'!G:G,'4-BOXSCORE_1Q'!A5,'2-DATASET'!A:A,$AA$2)) -> 0 | T5: =(SUMIFS('2-DATASET'!X:X,'2-DATASET'!G:G,'4-BOXSCORE_1Q'!A5,'2-DATASET'!A:A,$AA$2)) -> 0 | U5: =(SUMIFS('2-DATASET'!Y:Y,'2-DATASET'!G:G,'4-BOXSCORE_1Q'!A5,'2-DATASET'!A:A,$AA$2)) -> 1 | V5: =(SUMIFS('2-DATASET'!K:K,'2-DATASET'!I:I,"Dunk",'2-DATASET'!G:G,'4-BOXSCORE_1Q'!A5,'2-DATASET'!A:A,$AA$2))/2 -> 0 | W5: =(SUMIFS('2-DATASET'!Z:Z,'2-DATASET'!G:G,'4-BOXSCORE_1Q'!A5,'2-DATASET'!A:A,$AA$2)) -> 0 | X5: =(SUMIFS('2-DATASET'!AA:AA,'2-DATASET'!G:G,'4-BOXSCORE_1Q'!A5,'2-DATASET'!A:A,$AA$2)) -> 0 | Y5: =D5+Q5+P5+S5+T5+X5-((F5-E5)+(I5-H5)+(L5-K5)+R5+U5+W5) -> -1
A6: JM12 | B6: Marcis Steinbergs | C6: =SUMIFS('2-DATASET'!AE:AE,'2-DATASET'!G:G,'4-BOXSCORE_1Q'!A6,'2-DATASET'!A:A,$AA$2) -> 0.004837963 | D6: =SUMIFS('2-DATASET'!M:M,'2-DATASET'!G:G,'4-BOXSCORE_1Q'!A6,'2-DATASET'!A:A,$AA$2) -> 0 | E6: =(SUMIFS('2-DATASET'!K:K,'2-DATASET'!K:K,2,'2-DATASET'!L:L,1,'2-DATASET'!G:G,'4-BOXSCORE_1Q'!A6,'2-DATASET'!A:A,$AA$2))/2 -> 0 | F6: =(SUMIFS('2-DATASET'!K:K,'2-DATASET'!K:K,2,'2-DATASET'!G:G,'4-BOXSCORE_1Q'!A6,'2-DATASET'!A:A,$AA$2))/2 -> 1 | G6: =IF(F6=0,0,E6/F6) -> 0 | H6: =(SUMIFS('2-DATASET'!K:K,'2-DATASET'!K:K,3,'2-DATASET'!L:L,1,'2-DATASET'!G:G,'4-BOXSCORE_1Q'!A6,'2-DATASET'!A:A,$AA$2))/3 -> 0 | I6: =(SUMIFS('2-DATASET'!K:K,'2-DATASET'!K:K,3,'2-DATASET'!G:G,'4-BOXSCORE_1Q'!A6,'2-DATASET'!A:A,$AA$2))/3 -> 1 | J6: =IF(I6=0,0,H6/I6) -> 0 | K6: =(SUMIFS('2-DATASET'!K:K,'2-DATASET'!K:K,1,'2-DATASET'!L:L,1,'2-DATASET'!G:G,'4-BOXSCORE_1Q'!A6,'2-DATASET'!A:A,$AA$2))/1 -> 0 | L6: =(SUMIFS('2-DATASET'!K:K,'2-DATASET'!K:K,1,'2-DATASET'!G:G,'4-BOXSCORE_1Q'!A6,'2-DATASET'!A:A,$AA$2))/1 -> 0 | M6: =IF(L6=0,0,K6/L6) -> 0 | N6: =(SUMIFS('2-DATASET'!T:T,'2-DATASET'!G:G,'4-BOXSCORE_1Q'!A6,'2-DATASET'!A:A,$AA$2)) -> 0 | O6: =(SUMIFS('2-DATASET'!S:S,'2-DATASET'!G:G,'4-BOXSCORE_1Q'!A6,'2-DATASET'!A:A,$AA$2)) -> 0 | P6: =N6+O6 -> 0 | Q6: =(SUMIFS('2-DATASET'!U:U,'2-DATASET'!G:G,'4-BOXSCORE_1Q'!A6,'2-DATASET'!A:A,$AA$2)) -> 0 | R6: =(SUMIFS('2-DATASET'!V:V,'2-DATASET'!G:G,'4-BOXSCORE_1Q'!A6,'2-DATASET'!A:A,$AA$2)) -> 0 | S6: =(SUMIFS('2-DATASET'!W:W,'2-DATASET'!G:G,'4-BOXSCORE_1Q'!A6,'2-DATASET'!A:A,$AA$2)) -> 0 | T6: =(SUMIFS('2-DATASET'!X:X,'2-DATASET'!G:G,'4-BOXSCORE_1Q'!A6,'2-DATASET'!A:A,$AA$2)) -> 0 | U6: =(SUMIFS('2-DATASET'!Y:Y,'2-DATASET'!G:G,'4-BOXSCORE_1Q'!A6,'2-DATASET'!A:A,$AA$2)) -> 1 | V6: =(SUMIFS('2-DATASET'!K:K,'2-DATASET'!I:I,"Dunk",'2-DATASET'!G:G,'4-BOXSCORE_1Q'!A6,'2-DATASET'!A:A,$AA$2))/2 -> 0 | W6: =(SUMIFS('2-DATASET'!Z:Z,'2-DATASET'!G:G,'4-BOXSCORE_1Q'!A6,'2-DATASET'!A:A,$AA$2)) -> 1 | X6: =(SUMIFS('2-DATASET'!AA:AA,'2-DATASET'!G:G,'4-BOXSCORE_1Q'!A6,'2-DATASET'!A:A,$AA$2)) -> 0 | Y6: =D6+Q6+P6+S6+T6+X6-((F6-E6)+(I6-H6)+(L6-K6)+R6+U6+W6) -> -4
A7: JM18 | B7: Gustav Knudsen | C7: =SUMIFS('2-DATASET'!AE:AE,'2-DATASET'!G:G,'4-BOXSCORE_1Q'!A7,'2-DATASET'!A:A,$AA$2) -> 0 | D7: =SUMIFS('2-DATASET'!M:M,'2-DATASET'!G:G,'4-BOXSCORE_1Q'!A7,'2-DATASET'!A:A,$AA$2) -> 0 | E7: =(SUMIFS('2-DATASET'!K:K,'2-DATASET'!K:K,2,'2-DATASET'!L:L,1,'2-DATASET'!G:G,'4-BOXSCORE_1Q'!A7,'2-DATASET'!A:A,$AA$2))/2 -> 0 | F7: =(SUMIFS('2-DATASET'!K:K,'2-DATASET'!K:K,2,'2-DATASET'!G:G,'4-BOXSCORE_1Q'!A7,'2-DATASET'!A:A,$AA$2))/2 -> 0 | G7: =IF(F7=0,0,E7/F7) -> 0 | H7: =(SUMIFS('2-DATASET'!K:K,'2-DATASET'!K:K,3,'2-DATASET'!L:L,1,'2-DATASET'!G:G,'4-BOXSCORE_1Q'!A7,'2-DATASET'!A:A,$AA$2))/3 -> 0 | I7: =(SUMIFS('2-DATASET'!K:K,'2-DATASET'!K:K,3,'2-DATASET'!G:G,'4-BOXSCORE_1Q'!A7,'2-DATASET'!A:A,$AA$2))/3 -> 0 | J7: =IF(I7=0,0,H7/I7) -> 0 | K7: =(SUMIFS('2-DATASET'!K:K,'2-DATASET'!K:K,1,'2-DATASET'!L:L,1,'2-DATASET'!G:G,'4-BOXSCORE_1Q'!A7,'2-DATASET'!A:A,$AA$2))/1 -> 0 | L7: =(SUMIFS('2-DATASET'!K:K,'2-DATASET'!K:K,1,'2-DATASET'!G:G,'4-BOXSCORE_1Q'!A7,'2-DATASET'!A:A,$AA$2))/1 -> 0 | M7: =IF(L7=0,0,K7/L7) -> 0 | N7: =(SUMIFS('2-DATASET'!T:T,'2-DATASET'!G:G,'4-BOXSCORE_1Q'!A7,'2-DATASET'!A:A,$AA$2)) -> 0 | O7: =(SUMIFS('2-DATASET'!S:S,'2-DATASET'!G:G,'4-BOXSCORE_1Q'!A7,'2-DATASET'!A:A,$AA$2)) -> 0 | P7: =N7+O7 -> 0 | Q7: =(SUMIFS('2-DATASET'!U:U,'2-DATASET'!G:G,'4-BOXSCORE_1Q'!A7,'2-DATASET'!A:A,$AA$2)) -> 0 | R7: =(SUMIFS('2-DATASET'!V:V,'2-DATASET'!G:G,'4-BOXSCORE_1Q'!A7,'2-DATASET'!A:A,$AA$2)) -> 0 | S7: =(SUMIFS('2-DATASET'!W:W,'2-DATASET'!G:G,'4-BOXSCORE_1Q'!A7,'2-DATASET'!A:A,$AA$2)) -> 0 | T7: =(SUMIFS('2-DATASET'!X:X,'2-DATASET'!G:G,'4-BOXSCORE_1Q'!A7,'2-DATASET'!A:A,$AA$2)) -> 0 | U7: =(SUMIFS('2-DATASET'!Y:Y,'2-DATASET'!G:G,'4-BOXSCORE_1Q'!A7,'2-DATASET'!A:A,$AA$2)) -> 0 | V7: =(SUMIFS('2-DATASET'!K:K,'2-DATASET'!I:I,"Dunk",'2-DATASET'!G:G,'4-BOXSCORE_1Q'!A7,'2-DATASET'!A:A,$AA$2))/2 -> 0 | W7: =(SUMIFS('2-DATASET'!Z:Z,'2-DATASET'!G:G,'4-BOXSCORE_1Q'!A7,'2-DATASET'!A:A,$AA$2)) -> 0 | X7: =(SUMIFS('2-DATASET'!AA:AA,'2-DATASET'!G:G,'4-BOXSCORE_1Q'!A7,'2-DATASET'!A:A,$AA$2)) -> 0 | Y7: =D7+Q7+P7+S7+T7+X7-((F7-E7)+(I7-H7)+(L7-K7)+R7+U7+W7) -> 0
A8: JM19 | B8: Louis Olinde | C8: =SUMIFS('2-DATASET'!AE:AE,'2-DATASET'!G:G,'4-BOXSCORE_1Q'!A8,'2-DATASET'!A:A,$AA$2) -> 0.0031481481 | D8: =SUMIFS('2-DATASET'!M:M,'2-DATASET'!G:G,'4-BOXSCORE_1Q'!A8,'2-DATASET'!A:A,$AA$2) -> 1 | E8: =(SUMIFS('2-DATASET'!K:K,'2-DATASET'!K:K,2,'2-DATASET'!L:L,1,'2-DATASET'!G:G,'4-BOXSCORE_1Q'!A8,'2-DATASET'!A:A,$AA$2))/2 -> 0 | F8: =(SUMIFS('2-DATASET'!K:K,'2-DATASET'!K:K,2,'2-DATASET'!G:G,'4-BOXSCORE_1Q'!A8,'2-DATASET'!A:A,$AA$2))/2 -> 0 | G8: =IF(F8=0,0,E8/F8) -> 0 | H8: =(SUMIFS('2-DATASET'!K:K,'2-DATASET'!K:K,3,'2-DATASET'!L:L,1,'2-DATASET'!G:G,'4-BOXSCORE_1Q'!A8,'2-DATASET'!A:A,$AA$2))/3 -> 0 | I8: =(SUMIFS('2-DATASET'!K:K,'2-DATASET'!K:K,3,'2-DATASET'!G:G,'4-BOXSCORE_1Q'!A8,'2-DATASET'!A:A,$AA$2))/3 -> 0 | J8: =IF(I8=0,0,H8/I8) -> 0 | K8: =(SUMIFS('2-DATASET'!K:K,'2-DATASET'!K:K,1,'2-DATASET'!L:L,1,'2-DATASET'!G:G,'4-BOXSCORE_1Q'!A8,'2-DATASET'!A:A,$AA$2))/1 -> 1 | L8: =(SUMIFS('2-DATASET'!K:K,'2-DATASET'!K:K,1,'2-DATASET'!G:G,'4-BOXSCORE_1Q'!A8,'2-DATASET'!A:A,$AA$2))/1 -> 2 | M8: =IF(L8=0,0,K8/L8) -> 0.5 | N8: =(SUMIFS('2-DATASET'!T:T,'2-DATASET'!G:G,'4-BOXSCORE_1Q'!A8,'2-DATASET'!A:A,$AA$2)) -> 1 | O8: =(SUMIFS('2-DATASET'!S:S,'2-DATASET'!G:G,'4-BOXSCORE_1Q'!A8,'2-DATASET'!A:A,$AA$2)) -> 1 | P8: =N8+O8 -> 2 | Q8: =(SUMIFS('2-DATASET'!U:U,'2-DATASET'!G:G,'4-BOXSCORE_1Q'!A8,'2-DATASET'!A:A,$AA$2)) -> 0 | R8: =(SUMIFS('2-DATASET'!V:V,'2-DATASET'!G:G,'4-BOXSCORE_1Q'!A8,'2-DATASET'!A:A,$AA$2)) -> 1 | S8: =(SUMIFS('2-DATASET'!W:W,'2-DATASET'!G:G,'4-BOXSCORE_1Q'!A8,'2-DATASET'!A:A,$AA$2)) -> 0 | T8: =(SUMIFS('2-DATASET'!X:X,'2-DATASET'!G:G,'4-BOXSCORE_1Q'!A8,'2-DATASET'!A:A,$AA$2)) -> 1 | U8: =(SUMIFS('2-DATASET'!Y:Y,'2-DATASET'!G:G,'4-BOXSCORE_1Q'!A8,'2-DATASET'!A:A,$AA$2)) -> 0 | V8: =(SUMIFS('2-DATASET'!K:K,'2-DATASET'!I:I,"Dunk",'2-DATASET'!G:G,'4-BOXSCORE_1Q'!A8,'2-DATASET'!A:A,$AA$2))/2 -> 0 | W8: =(SUMIFS('2-DATASET'!Z:Z,'2-DATASET'!G:G,'4-BOXSCORE_1Q'!A8,'2-DATASET'!A:A,$AA$2)) -> 1 | X8: =(SUMIFS('2-DATASET'!AA:AA,'2-DATASET'!G:G,'4-BOXSCORE_1Q'!A8,'2-DATASET'!A:A,$AA$2)) -> 2 | Y8: =D8+Q8+P8+S8+T8+X8-((F8-E8)+(I8-H8)+(L8-K8)+R8+U8+W8) -> 3
A9: JM32 | B9: Retin Obasohan | C9: =SUMIFS('2-DATASET'!AE:AE,'2-DATASET'!G:G,'4-BOXSCORE_1Q'!A9,'2-DATASET'!A:A,$AA$2) -> 0.0033101852 | D9: =SUMIFS('2-DATASET'!M:M,'2-DATASET'!G:G,'4-BOXSCORE_1Q'!A9,'2-DATASET'!A:A,$AA$2) -> 4 | E9: =(SUMIFS('2-DATASET'!K:K,'2-DATASET'!K:K,2,'2-DATASET'!L:L,1,'2-DATASET'!G:G,'4-BOXSCORE_1Q'!A9,'2-DATASET'!A:A,$AA$2))/2 -> 2 | F9: =(SUMIFS('2-DATASET'!K:K,'2-DATASET'!K:K,2,'2-DATASET'!G:G,'4-BOXSCORE_1Q'!A9,'2-DATASET'!A:A,$AA$2))/2 -> 2 | G9: =IF(F9=0,0,E9/F9) -> 1 | H9: =(SUMIFS('2-DATASET'!K:K,'2-DATASET'!K:K,3,'2-DATASET'!L:L,1,'2-DATASET'!G:G,'4-BOXSCORE_1Q'!A9,'2-DATASET'!A:A,$AA$2))/3 -> 0 | I9: =(SUMIFS('2-DATASET'!K:K,'2-DATASET'!K:K,3,'2-DATASET'!G:G,'4-BOXSCORE_1Q'!A9,'2-DATASET'!A:A,$AA$2))/3 -> 0 | J9: =IF(I9=0,0,H9/I9) -> 0 | K9: =(SUMIFS('2-DATASET'!K:K,'2-DATASET'!K:K,1,'2-DATASET'!L:L,1,'2-DATASET'!G:G,'4-BOXSCORE_1Q'!A9,'2-DATASET'!A:A,$AA$2))/1 -> 0 | L9: =(SUMIFS('2-DATASET'!K:K,'2-DATASET'!K:K,1,'2-DATASET'!G:G,'4-BOXSCORE_1Q'!A9,'2-DATASET'!A:A,$AA$2))/1 -> 0 | M9: =IF(L9=0,0,K9/L9) -> 0 | N9: =(SUMIFS('2-DATASET'!T:T,'2-DATASET'!G:G,'4-BOXSCORE_1Q'!A9,'2-DATASET'!A:A,$AA$2)) -> 0 | O9: =(SUMIFS('2-DATASET'!S:S,'2-DATASET'!G:G,'4-BOXSCORE_1Q'!A9,'2-DATASET'!A:A,$AA$2)) -> 0 | P9: =N9+O9 -> 0 | Q9: =(SUMIFS('2-DATASET'!U:U,'2-DATASET'!G:G,'4-BOXSCORE_1Q'!A9,'2-DATASET'!A:A,$AA$2)) -> 1 | R9: =(SUMIFS('2-DATASET'!V:V,'2-DATASET'!G:G,'4-BOXSCORE_1Q'!A9,'2-DATASET'!A:A,$AA$2)) -> 0 | S9: =(SUMIFS('2-DATASET'!W:W,'2-DATASET'!G:G,'4-BOXSCORE_1Q'!A9,'2-DATASET'!A:A,$AA$2)) -> 0 | T9: =(SUMIFS('2-DATASET'!X:X,'2-DATASET'!G:G,'4-BOXSCORE_1Q'!A9,'2-DATASET'!A:A,$AA$2)) -> 0 | U9: =(SUMIFS('2-DATASET'!Y:Y,'2-DATASET'!G:G,'4-BOXSCORE_1Q'!A9,'2-DATASET'!A:A,$AA$2)) -> 0 | V9: =(SUMIFS('2-DATASET'!K:K,'2-DATASET'!I:I,"Dunk",'2-DATASET'!G:G,'4-BOXSCORE_1Q'!A9,'2-DATASET'!A:A,$AA$2))/2 -> 0 | W9: =(SUMIFS('2-DATASET'!Z:Z,'2-DATASET'!G:G,'4-BOXSCORE_1Q'!A9,'2-DATASET'!A:A,$AA$2)) -> 1 | X9: =(SUMIFS('2-DATASET'!AA:AA,'2-DATASET'!G:G,'4-BOXSCORE_1Q'!A9,'2-DATASET'!A:A,$AA$2)) -> 1 | Y9: =D9+Q9+P9+S9+T9+X9-((F9-E9)+(I9-H9)+(L9-K9)+R9+U9+W9) -> 5
A10: JM33 | B10: Grant Golden | C10: =SUMIFS('2-DATASET'!AE:AE,'2-DATASET'!G:G,'4-BOXSCORE_1Q'!A10,'2-DATASET'!A:A,$AA$2) -> 0.0045023148 | D10: =SUMIFS('2-DATASET'!M:M,'2-DATASET'!G:G,'4-BOXSCORE_1Q'!A10,'2-DATASET'!A:A,$AA$2) -> 2 | E10: =(SUMIFS('2-DATASET'!K:K,'2-DATASET'!K:K,2,'2-DATASET'!L:L,1,'2-DATASET'!G:G,'4-BOXSCORE_1Q'!A10,'2-DATASET'!A:A,$AA$2))/2 -> 1 | F10: =(SUMIFS('2-DATASET'!K:K,'2-DATASET'!K:K,2,'2-DATASET'!G:G,'4-BOXSCORE_1Q'!A10,'2-DATASET'!A:A,$AA$2))/2 -> 2 | G10: =IF(F10=0,0,E10/F10) -> 0.5 | H10: =(SUMIFS('2-DATASET'!K:K,'2-DATASET'!K:K,3,'2-DATASET'!L:L,1,'2-DATASET'!G:G,'4-BOXSCORE_1Q'!A10,'2-DATASET'!A:A,$AA$2))/3 -> 0 | I10: =(SUMIFS('2-DATASET'!K:K,'2-DATASET'!K:K,3,'2-DATASET'!G:G,'4-BOXSCORE_1Q'!A10,'2-DATASET'!A:A,$AA$2))/3 -> 0 | J10: =IF(I10=0,0,H10/I10) -> 0 | K10: =(SUMIFS('2-DATASET'!K:K,'2-DATASET'!K:K,1,'2-DATASET'!L:L,1,'2-DATASET'!G:G,'4-BOXSCORE_1Q'!A10,'2-DATASET'!A:A,$AA$2))/1 -> 0 | L10: =(SUMIFS('2-DATASET'!K:K,'2-DATASET'!K:K,1,'2-DATASET'!G:G,'4-BOXSCORE_1Q'!A10,'2-DATASET'!A:A,$AA$2))/1 -> 0 | M10: =IF(L10=0,0,K10/L10) -> 0 | N10: =(SUMIFS('2-DATASET'!T:T,'2-DATASET'!G:G,'4-BOXSCORE_1Q'!A10,'2-DATASET'!A:A,$AA$2)) -> 0 | O10: =(SUMIFS('2-DATASET'!S:S,'2-DATASET'!G:G,'4-BOXSCORE_1Q'!A10,'2-DATASET'!A:A,$AA$2)) -> 0 | P10: =N10+O10 -> 0 | Q10: =(SUMIFS('2-DATASET'!U:U,'2-DATASET'!G:G,'4-BOXSCORE_1Q'!A10,'2-DATASET'!A:A,$AA$2)) -> 1 | R10: =(SUMIFS('2-DATASET'!V:V,'2-DATASET'!G:G,'4-BOXSCORE_1Q'!A10,'2-DATASET'!A:A,$AA$2)) -> 0 | S10: =(SUMIFS('2-DATASET'!W:W,'2-DATASET'!G:G,'4-BOXSCORE_1Q'!A10,'2-DATASET'!A:A,$AA$2)) -> 0 | T10: =(SUMIFS('2-DATASET'!X:X,'2-DATASET'!G:G,'4-BOXSCORE_1Q'!A10,'2-DATASET'!A:A,$AA$2)) -> 0 | U10: =(SUMIFS('2-DATASET'!Y:Y,'2-DATASET'!G:G,'4-BOXSCORE_1Q'!A10,'2-DATASET'!A:A,$AA$2)) -> 0 | V10: =(SUMIFS('2-DATASET'!K:K,'2-DATASET'!I:I,"Dunk",'2-DATASET'!G:G,'4-BOXSCORE_1Q'!A10,'2-DATASET'!A:A,$AA$2))/2 -> 0 | W10: =(SUMIFS('2-DATASET'!Z:Z,'2-DATASET'!G:G,'4-BOXSCORE_1Q'!A10,'2-DATASET'!A:A,$AA$2)) -> 0 | X10: =(SUMIFS('2-DATASET'!AA:AA,'2-DATASET'!G:G,'4-BOXSCORE_1Q'!A10,'2-DATASET'!A:A,$AA$2)) -> 0 | Y10: =D10+Q10+P10+S10+T10+X10-((F10-E10)+(I10-H10)+(L10-K10)+R10+U10+W10) -> 2
A11: JM47 | B11: Archange Izaw Bolavie | C11: =SUMIFS('2-DATASET'!AE:AE,'2-DATASET'!G:G,'4-BOXSCORE_1Q'!A11,'2-DATASET'!A:A,$AA$2) -> 0 | D11: =SUMIFS('2-DATASET'!M:M,'2-DATASET'!G:G,'4-BOXSCORE_1Q'!A11,'2-DATASET'!A:A,$AA$2) -> 0 | E11: =(SUMIFS('2-DATASET'!K:K,'2-DATASET'!K:K,2,'2-DATASET'!L:L,1,'2-DATASET'!G:G,'4-BOXSCORE_1Q'!A11,'2-DATASET'!A:A,$AA$2))/2 -> 0 | F11: =(SUMIFS('2-DATASET'!K:K,'2-DATASET'!K:K,2,'2-DATASET'!G:G,'4-BOXSCORE_1Q'!A11,'2-DATASET'!A:A,$AA$2))/2 -> 0 | G11: =IF(F11=0,0,E11/F11) -> 0 | H11: =(SUMIFS('2-DATASET'!K:K,'2-DATASET'!K:K,3,'2-DATASET'!L:L,1,'2-DATASET'!G:G,'4-BOXSCORE_1Q'!A11,'2-DATASET'!A:A,$AA$2))/3 -> 0 | I11: =(SUMIFS('2-DATASET'!K:K,'2-DATASET'!K:K,3,'2-DATASET'!G:G,'4-BOXSCORE_1Q'!A11,'2-DATASET'!A:A,$AA$2))/3 -> 0 | J11: =IF(I11=0,0,H11/I11) -> 0 | K11: =(SUMIFS('2-DATASET'!K:K,'2-DATASET'!K:K,1,'2-DATASET'!L:L,1,'2-DATASET'!G:G,'4-BOXSCORE_1Q'!A11,'2-DATASET'!A:A,$AA$2))/1 -> 0 | L11: =(SUMIFS('2-DATASET'!K:K,'2-DATASET'!K:K,1,'2-DATASET'!G:G,'4-BOXSCORE_1Q'!A11,'2-DATASET'!A:A,$AA$2))/1 -> 0 | M11: =IF(L11=0,0,K11/L11) -> 0 | N11: =(SUMIFS('2-DATASET'!T:T,'2-DATASET'!G:G,'4-BOXSCORE_1Q'!A11,'2-DATASET'!A:A,$AA$2)) -> 0 | O11: =(SUMIFS('2-DATASET'!S:S,'2-DATASET'!G:G,'4-BOXSCORE_1Q'!A11,'2-DATASET'!A:A,$AA$2)) -> 0 | P11: =N11+O11 -> 0 | Q11: =(SUMIFS('2-DATASET'!U:U,'2-DATASET'!G:G,'4-BOXSCORE_1Q'!A11,'2-DATASET'!A:A,$AA$2)) -> 0 | R11: =(SUMIFS('2-DATASET'!V:V,'2-DATASET'!G:G,'4-BOXSCORE_1Q'!A11,'2-DATASET'!A:A,$AA$2)) -> 0 | S11: =(SUMIFS('2-DATASET'!W:W,'2-DATASET'!G:G,'4-BOXSCORE_1Q'!A11,'2-DATASET'!A:A,$AA$2)) -> 0 | T11: =(SUMIFS('2-DATASET'!X:X,'2-DATASET'!G:G,'4-BOXSCORE_1Q'!A11,'2-DATASET'!A:A,$AA$2)) -> 0 | U11: =(SUMIFS('2-DATASET'!Y:Y,'2-DATASET'!G:G,'4-BOXSCORE_1Q'!A11,'2-DATASET'!A:A,$AA$2)) -> 0 | V11: =(SUMIFS('2-DATASET'!K:K,'2-DATASET'!I:I,"Dunk",'2-DATASET'!G:G,'4-BOXSCORE_1Q'!A11,'2-DATASET'!A:A,$AA$2))/2 -> 0 | W11: =(SUMIFS('2-DATASET'!Z:Z,'2-DATASET'!G:G,'4-BOXSCORE_1Q'!A11,'2-DATASET'!A:A,$AA$2)) -> 0 | X11: =(SUMIFS('2-DATASET'!AA:AA,'2-DATASET'!G:G,'4-BOXSCORE_1Q'!A11,'2-DATASET'!A:A,$AA$2)) -> 0 | Y11: =D11+Q11+P11+S11+T11+X11-((F11-E11)+(I11-H11)+(L11-K11)+R11+U11+W11) -> 0
A12: JM55 | B12: Dani Pérez | C12: =SUMIFS('2-DATASET'!AE:AE,'2-DATASET'!G:G,'4-BOXSCORE_1Q'!A12,'2-DATASET'!A:A,$AA$2) -> 0.0043055556 | D12: =SUMIFS('2-DATASET'!M:M,'2-DATASET'!G:G,'4-BOXSCORE_1Q'!A12,'2-DATASET'!A:A,$AA$2) -> 3 | E12: =(SUMIFS('2-DATASET'!K:K,'2-DATASET'!K:K,2,'2-DATASET'!L:L,1,'2-DATASET'!G:G,'4-BOXSCORE_1Q'!A12,'2-DATASET'!A:A,$AA$2))/2 -> 0 | F12: =(SUMIFS('2-DATASET'!K:K,'2-DATASET'!K:K,2,'2-DATASET'!G:G,'4-BOXSCORE_1Q'!A12,'2-DATASET'!A:A,$AA$2))/2 -> 1 | G12: =IF(F12=0,0,E12/F12) -> 0 | H12: =(SUMIFS('2-DATASET'!K:K,'2-DATASET'!K:K,3,'2-DATASET'!L:L,1,'2-DATASET'!G:G,'4-BOXSCORE_1Q'!A12,'2-DATASET'!A:A,$AA$2))/3 -> 1 | I12: =(SUMIFS('2-DATASET'!K:K,'2-DATASET'!K:K,3,'2-DATASET'!G:G,'4-BOXSCORE_1Q'!A12,'2-DATASET'!A:A,$AA$2))/3 -> 3 | J12: =IF(I12=0,0,H12/I12) -> 0.33333333 | K12: =(SUMIFS('2-DATASET'!K:K,'2-DATASET'!K:K,1,'2-DATASET'!L:L,1,'2-DATASET'!G:G,'4-BOXSCORE_1Q'!A12,'2-DATASET'!A:A,$AA$2))/1 -> 0 | L12: =(SUMIFS('2-DATASET'!K:K,'2-DATASET'!K:K,1,'2-DATASET'!G:G,'4-BOXSCORE_1Q'!A12,'2-DATASET'!A:A,$AA$2))/1 -> 0 | M12: =IF(L12=0,0,K12/L12) -> 0 | N12: =(SUMIFS('2-DATASET'!T:T,'2-DATASET'!G:G,'4-BOXSCORE_1Q'!A12,'2-DATASET'!A:A,$AA$2)) -> 0 | O12: =(SUMIFS('2-DATASET'!S:S,'2-DATASET'!G:G,'4-BOXSCORE_1Q'!A12,'2-DATASET'!A:A,$AA$2)) -> 1 | P12: =N12+O12 -> 1 | Q12: =(SUMIFS('2-DATASET'!U:U,'2-DATASET'!G:G,'4-BOXSCORE_1Q'!A12,'2-DATASET'!A:A,$AA$2)) -> 0 | R12: =(SUMIFS('2-DATASET'!V:V,'2-DATASET'!G:G,'4-BOXSCORE_1Q'!A12,'2-DATASET'!A:A,$AA$2)) -> 1 | S12: =(SUMIFS('2-DATASET'!W:W,'2-DATASET'!G:G,'4-BOXSCORE_1Q'!A12,'2-DATASET'!A:A,$AA$2)) -> 0 | T12: =(SUMIFS('2-DATASET'!X:X,'2-DATASET'!G:G,'4-BOXSCORE_1Q'!A12,'2-DATASET'!A:A,$AA$2)) -> 0 | U12: =(SUMIFS('2-DATASET'!Y:Y,'2-DATASET'!G:G,'4-BOXSCORE_1Q'!A12,'2-DATASET'!A:A,$AA$2)) -> 0 | V12: =(SUMIFS('2-DATASET'!K:K,'2-DATASET'!I:I,"Dunk",'2-DATASET'!G:G,'4-BOXSCORE_1Q'!A12,'2-DATASET'!A:A,$AA$2))/2 -> 0 | W12: =(SUMIFS('2-DATASET'!Z:Z,'2-DATASET'!G:G,'4-BOXSCORE_1Q'!A12,'2-DATASET'!A:A,$AA$2)) -> 0 | X12: =(SUMIFS('2-DATASET'!AA:AA,'2-DATASET'!G:G,'4-BOXSCORE_1Q'!A12,'2-DATASET'!A:A,$AA$2)) -> 1 | Y12: =D12+Q12+P12+S12+T12+X12-((F12-E12)+(I12-H12)+(L12-K12)+R12+U12+W12) -> 1
A13: JM99 | B13: Alfonso Plummer | C13: =SUMIFS('2-DATASET'!AE:AE,'2-DATASET'!G:G,'4-BOXSCORE_1Q'!A13,'2-DATASET'!A:A,$AA$2) -> 0.0036342593 | D13: =SUMIFS('2-DATASET'!M:M,'2-DATASET'!G:G,'4-BOXSCORE_1Q'!A13,'2-DATASET'!A:A,$AA$2) -> 5 | E13: =(SUMIFS('2-DATASET'!K:K,'2-DATASET'!K:K,2,'2-DATASET'!L:L,1,'2-DATASET'!G:G,'4-BOXSCORE_1Q'!A13,'2-DATASET'!A:A,$AA$2))/2 -> 1 | F13: =(SUMIFS('2-DATASET'!K:K,'2-DATASET'!K:K,2,'2-DATASET'!G:G,'4-BOXSCORE_1Q'!A13,'2-DATASET'!A:A,$AA$2))/2 -> 1 | G13: =IF(F13=0,0,E13/F13) -> 1 | H13: =(SUMIFS('2-DATASET'!K:K,'2-DATASET'!K:K,3,'2-DATASET'!L:L,1,'2-DATASET'!G:G,'4-BOXSCORE_1Q'!A13,'2-DATASET'!A:A,$AA$2))/3 -> 0 | I13: =(SUMIFS('2-DATASET'!K:K,'2-DATASET'!K:K,3,'2-DATASET'!G:G,'4-BOXSCORE_1Q'!A13,'2-DATASET'!A:A,$AA$2))/3 -> 1 | J13: =IF(I13=0,0,H13/I13) -> 0 | K13: =(SUMIFS('2-DATASET'!K:K,'2-DATASET'!K:K,1,'2-DATASET'!L:L,1,'2-DATASET'!G:G,'4-BOXSCORE_1Q'!A13,'2-DATASET'!A:A,$AA$2))/1 -> 3 | L13: =(SUMIFS('2-DATASET'!K:K,'2-DATASET'!K:K,1,'2-DATASET'!G:G,'4-BOXSCORE_1Q'!A13,'2-DATASET'!A:A,$AA$2))/1 -> 3 | M13: =IF(L13=0,0,K13/L13) -> 1 | N13: =(SUMIFS('2-DATASET'!T:T,'2-DATASET'!G:G,'4-BOXSCORE_1Q'!A13,'2-DATASET'!A:A,$AA$2)) -> 0 | O13: =(SUMIFS('2-DATASET'!S:S,'2-DATASET'!G:G,'4-BOXSCORE_1Q'!A13,'2-DATASET'!A:A,$AA$2)) -> 2 | P13: =N13+O13 -> 2 | Q13: =(SUMIFS('2-DATASET'!U:U,'2-DATASET'!G:G,'4-BOXSCORE_1Q'!A13,'2-DATASET'!A:A,$AA$2)) -> 0 | R13: =(SUMIFS('2-DATASET'!V:V,'2-DATASET'!G:G,'4-BOXSCORE_1Q'!A13,'2-DATASET'!A:A,$AA$2)) -> 1 | S13: =(SUMIFS('2-DATASET'!W:W,'2-DATASET'!G:G,'4-BOXSCORE_1Q'!A13,'2-DATASET'!A:A,$AA$2)) -> 0 | T13: =(SUMIFS('2-DATASET'!X:X,'2-DATASET'!G:G,'4-BOXSCORE_1Q'!A13,'2-DATASET'!A:A,$AA$2)) -> 0 | U13: =(SUMIFS('2-DATASET'!Y:Y,'2-DATASET'!G:G,'4-BOXSCORE_1Q'!A13,'2-DATASET'!A:A,$AA$2)) -> 0 | V13: =(SUMIFS('2-DATASET'!K:K,'2-DATASET'!I:I,"Dunk",'2-DATASET'!G:G,'4-BOXSCORE_1Q'!A13,'2-DATASET'!A:A,$AA$2))/2 -> 0 | W13: =(SUMIFS('2-DATASET'!Z:Z,'2-DATASET'!G:G,'4-BOXSCORE_1Q'!A13,'2-DATASET'!A:A,$AA$2)) -> 1 | X13: =(SUMIFS('2-DATASET'!AA:AA,'2-DATASET'!G:G,'4-BOXSCORE_1Q'!A13,'2-DATASET'!A:A,$AA$2)) -> 1 | Y13: =D13+Q13+P13+S13+T13+X13-((F13-E13)+(I13-H13)+(L13-K13)+R13+U13+W13) -> 5
A14: MAN | B14: TEAM - Manresa | C14: =SUMIFS('2-DATASET'!AE:AE,'2-DATASET'!G:G,'4-BOXSCORE_1Q'!A14,'2-DATASET'!A:A,$AA$2) -> 0 | D14: =SUMIFS('2-DATASET'!M:M,'2-DATASET'!G:G,'4-BOXSCORE_1Q'!A14,'2-DATASET'!A:A,$AA$2) -> 0 | E14: =(SUMIFS('2-DATASET'!K:K,'2-DATASET'!K:K,2,'2-DATASET'!L:L,1,'2-DATASET'!G:G,'4-BOXSCORE_1Q'!A14,'2-DATASET'!A:A,$AA$2))/2 -> 0 | F14: =(SUMIFS('2-DATASET'!K:K,'2-DATASET'!K:K,2,'2-DATASET'!G:G,'4-BOXSCORE_1Q'!A14,'2-DATASET'!A:A,$AA$2))/2 -> 0 | G14: =IF(F14=0,0,E14/F14) -> 0 | H14: =(SUMIFS('2-DATASET'!K:K,'2-DATASET'!K:K,3,'2-DATASET'!L:L,1,'2-DATASET'!G:G,'4-BOXSCORE_1Q'!A14,'2-DATASET'!A:A,$AA$2))/3 -> 0 | I14: =(SUMIFS('2-DATASET'!K:K,'2-DATASET'!K:K,3,'2-DATASET'!G:G,'4-BOXSCORE_1Q'!A14,'2-DATASET'!A:A,$AA$2))/3 -> 0 | J14: =IF(I14=0,0,H14/I14) -> 0 | K14: =(SUMIFS('2-DATASET'!K:K,'2-DATASET'!K:K,1,'2-DATASET'!L:L,1,'2-DATASET'!G:G,'4-BOXSCORE_1Q'!A14,'2-DATASET'!A:A,$AA$2))/1 -> 0 | L14: =(SUMIFS('2-DATASET'!K:K,'2-DATASET'!K:K,1,'2-DATASET'!G:G,'4-BOXSCORE_1Q'!A14,'2-DATASET'!A:A,$AA$2))/1 -> 0 | M14: =IF(L14=0,0,K14/L14) -> 0 | N14: =(SUMIFS('2-DATASET'!T:T,'2-DATASET'!G:G,'4-BOXSCORE_1Q'!A14,'2-DATASET'!A:A,$AA$2)) -> 0 | O14: =(SUMIFS('2-DATASET'!S:S,'2-DATASET'!G:G,'4-BOXSCORE_1Q'!A14,'2-DATASET'!A:A,$AA$2)) -> 3 | P14: =N14+O14 -> 3 | Q14: =(SUMIFS('2-DATASET'!U:U,'2-DATASET'!G:G,'4-BOXSCORE_1Q'!A14,'2-DATASET'!A:A,$AA$2)) -> 0 | R14: =(SUMIFS('2-DATASET'!V:V,'2-DATASET'!G:G,'4-BOXSCORE_1Q'!A14,'2-DATASET'!A:A,$AA$2)) -> 1 | S14: =(SUMIFS('2-DATASET'!W:W,'2-DATASET'!G:G,'4-BOXSCORE_1Q'!A14,'2-DATASET'!A:A,$AA$2)) -> 0 | T14: =(SUMIFS('2-DATASET'!X:X,'2-DATASET'!G:G,'4-BOXSCORE_1Q'!A14,'2-DATASET'!A:A,$AA$2)) -> 0 | U14: =(SUMIFS('2-DATASET'!Y:Y,'2-DATASET'!G:G,'4-BOXSCORE_1Q'!A14,'2-DATASET'!A:A,$AA$2)) -> 0 | V14: =(SUMIFS('2-DATASET'!K:K,'2-DATASET'!I:I,"Dunk",'2-DATASET'!G:G,'4-BOXSCORE_1Q'!A14,'2-DATASET'!A:A,$AA$2))/2 -> 0 | W14: =(SUMIFS('2-DATASET'!Z:Z,'2-DATASET'!G:G,'4-BOXSCORE_1Q'!A14,'2-DATASET'!A:A,$AA$2)) -> 0 | X14: =(SUMIFS('2-DATASET'!AA:AA,'2-DATASET'!G:G,'4-BOXSCORE_1Q'!A14,'2-DATASET'!A:A,$AA$2)) -> 0 | Y14: =D14+Q14+P14+S14+T14+X14-((F14-E14)+(I14-H14)+(L14-K14)+R14+U14+W14) -> 2
B15: TOTALS | C15: =SUM(C2:C13) -> 0.034722222 | D15: =SUM(D2:D14) -> 27 | E15: =SUM(E2:E14) -> 6 | F15: =SUM(F2:F14) -> 10 | G15: =IF(F15=0,0,E15/F15) -> 0.6 | H15: =SUM(H2:H14) -> 3 | I15: =SUM(I2:I14) -> 8 | J15: =IF(I15=0,0,H15/I15) -> 0.375 | K15: =SUM(K2:K14) -> 6 | L15: =SUM(L2:L14) -> 7 | M15: =IF(L15=0,0,K15/L15) -> 0.85714286 | N15: =SUM(N2:N14) -> 3 | O15: =SUM(O2:O14) -> 7 | P15: =N15+O15 -> 10 | Q15: =SUM(Q2:Q14) -> 4 | R15: =SUM(R2:R14) -> 5 | S15: =SUM(S2:S14) -> 0 | T15: =SUM(T2:T14) -> 1 | U15: =SUM(U2:U14) -> 2 | V15: =SUM(V2:V14) -> 0 | W15: =SUM(W2:W14) -> 8 | X15: =SUM(X2:X14) -> 7 | Y15: =D15+Q15+P15+S15+T15+X15-((F15-E15)+(I15-H15)+(L15-K15)+R15+U15+W15) -> 24
A18: JL01 | B18: James Batemon | C18: =SUMIFS('2-DATASET'!AE:AE,'2-DATASET'!G:G,'4-BOXSCORE_1Q'!A18,'2-DATASET'!A:A,$AA$2) -> 0.0033101852 | D18: =SUMIFS('2-DATASET'!M:M,'2-DATASET'!G:G,'4-BOXSCORE_1Q'!A18,'2-DATASET'!A:A,$AA$2) -> 1 | E18: =(SUMIFS('2-DATASET'!K:K,'2-DATASET'!K:K,2,'2-DATASET'!L:L,1,'2-DATASET'!G:G,'4-BOXSCORE_1Q'!A18,'2-DATASET'!A:A,$AA$2))/2 -> 0 | F18: =(SUMIFS('2-DATASET'!K:K,'2-DATASET'!K:K,2,'2-DATASET'!G:G,'4-BOXSCORE_1Q'!A18,'2-DATASET'!A:A,$AA$2))/2 -> 1 | G18: =IF(F18=0,0,E18/F18) -> 0 | H18: =(SUMIFS('2-DATASET'!K:K,'2-DATASET'!K:K,3,'2-DATASET'!L:L,1,'2-DATASET'!G:G,'4-BOXSCORE_1Q'!A18,'2-DATASET'!A:A,$AA$2))/3 -> 0 | I18: =(SUMIFS('2-DATASET'!K:K,'2-DATASET'!K:K,3,'2-DATASET'!G:G,'4-BOXSCORE_1Q'!A18,'2-DATASET'!A:A,$AA$2))/3 -> 0 | J18: =IF(I18=0,0,H18/I18) -> 0 | K18: =(SUMIFS('2-DATASET'!K:K,'2-DATASET'!K:K,1,'2-DATASET'!L:L,1,'2-DATASET'!G:G,'4-BOXSCORE_1Q'!A18,'2-DATASET'!A:A,$AA$2))/1 -> 1 | L18: =(SUMIFS('2-DATASET'!K:K,'2-DATASET'!K:K,1,'2-DATASET'!G:G,'4-BOXSCORE_1Q'!A18,'2-DATASET'!A:A,$AA$2))/1 -> 2 | M18: =IF(L18=0,0,K18/L18) -> 0.5 | N18: =(SUMIFS('2-DATASET'!T:T,'2-DATASET'!G:G,'4-BOXSCORE_1Q'!A18,'2-DATASET'!A:A,$AA$2)) -> 0 | O18: =(SUMIFS('2-DATASET'!S:S,'2-DATASET'!G:G,'4-BOXSCORE_1Q'!A18,'2-DATASET'!A:A,$AA$2)) -> 0 | P18: =N18+O18 -> 0 | Q18: =(SUMIFS('2-DATASET'!U:U,'2-DATASET'!G:G,'4-BOXSCORE_1Q'!A18,'2-DATASET'!A:A,$AA$2)) -> 1 | R18: =(SUMIFS('2-DATASET'!V:V,'2-DATASET'!G:G,'4-BOXSCORE_1Q'!A18,'2-DATASET'!A:A,$AA$2)) -> 1 | S18: =(SUMIFS('2-DATASET'!W:W,'2-DATASET'!G:G,'4-BOXSCORE_1Q'!A18,'2-DATASET'!A:A,$AA$2)) -> 0 | T18: =(SUMIFS('2-DATASET'!X:X,'2-DATASET'!G:G,'4-BOXSCORE_1Q'!A18,'2-DATASET'!A:A,$AA$2)) -> 0 | U18: =(SUMIFS('2-DATASET'!Y:Y,'2-DATASET'!G:G,'4-BOXSCORE_1Q'!A18,'2-DATASET'!A:A,$AA$2)) -> 0 | V18: =(SUMIFS('2-DATASET'!K:K,'2-DATASET'!I:I,"Dunk",'2-DATASET'!G:G,'4-BOXSCORE_1Q'!A18,'2-DATASET'!A:A,$AA$2))/2 -> 0 | W18: =(SUMIFS('2-DATASET'!Z:Z,'2-DATASET'!G:G,'4-BOXSCORE_1Q'!A18,'2-DATASET'!A:A,$AA$2)) -> 1 | X18: =(SUMIFS('2-DATASET'!AA:AA,'2-DATASET'!G:G,'4-BOXSCORE_1Q'!A18,'2-DATASET'!A:A,$AA$2)) -> 1 | Y18: =D18+Q18+P18+S18+T18+X18-((F18-E18)+(I18-H18)+(L18-K18)+R18+U18+W18) -> -1
A19: JL02 | B19: Corey Walden | C19: =SUMIFS('2-DATASET'!AE:AE,'2-DATASET'!G:G,'4-BOXSCORE_1Q'!A19,'2-DATASET'!A:A,$AA$2) -> 0.0036342593 | D19: =SUMIFS('2-DATASET'!M:M,'2-DATASET'!G:G,'4-BOXSCORE_1Q'!A19,'2-DATASET'!A:A,$AA$2) -> 6 | E19: =(SUMIFS('2-DATASET'!K:K,'2-DATASET'!K:K,2,'2-DATASET'!L:L,1,'2-DATASET'!G:G,'4-BOXSCORE_1Q'!A19,'2-DATASET'!A:A,$AA$2))/2 -> 2 | F19: =(SUMIFS('2-DATASET'!K:K,'2-DATASET'!K:K,2,'2-DATASET'!G:G,'4-BOXSCORE_1Q'!A19,'2-DATASET'!A:A,$AA$2))/2 -> 2 | G19: =IF(F19=0,0,E19/F19) -> 1 | H19: =(SUMIFS('2-DATASET'!K:K,'2-DATASET'!K:K,3,'2-DATASET'!L:L,1,'2-DATASET'!G:G,'4-BOXSCORE_1Q'!A19,'2-DATASET'!A:A,$AA$2))/3 -> 0 | I19: =(SUMIFS('2-DATASET'!K:K,'2-DATASET'!K:K,3,'2-DATASET'!G:G,'4-BOXSCORE_1Q'!A19,'2-DATASET'!A:A,$AA$2))/3 -> 1 | J19: =IF(I19=0,0,H19/I19) -> 0 | K19: =(SUMIFS('2-DATASET'!K:K,'2-DATASET'!K:K,1,'2-DATASET'!L:L,1,'2-DATASET'!G:G,'4-BOXSCORE_1Q'!A19,'2-DATASET'!A:A,$AA$2))/1 -> 2 | L19: =(SUMIFS('2-DATASET'!K:K,'2-DATASET'!K:K,1,'2-DATASET'!G:G,'4-BOXSCORE_1Q'!A19,'2-DATASET'!A:A,$AA$2))/1 -> 2 | M19: =IF(L19=0,0,K19/L19) -> 1 | N19: =(SUMIFS('2-DATASET'!T:T,'2-DATASET'!G:G,'4-BOXSCORE_1Q'!A19,'2-DATASET'!A:A,$AA$2)) -> 1 | O19: =(SUMIFS('2-DATASET'!S:S,'2-DATASET'!G:G,'4-BOXSCORE_1Q'!A19,'2-DATASET'!A:A,$AA$2)) -> 0 | P19: =N19+O19 -> 1 | Q19: =(SUMIFS('2-DATASET'!U:U,'2-DATASET'!G:G,'4-BOXSCORE_1Q'!A19,'2-DATASET'!A:A,$AA$2)) -> 1 | R19: =(SUMIFS('2-DATASET'!V:V,'2-DATASET'!G:G,'4-BOXSCORE_1Q'!A19,'2-DATASET'!A:A,$AA$2)) -> 0 | S19: =(SUMIFS('2-DATASET'!W:W,'2-DATASET'!G:G,'4-BOXSCORE_1Q'!A19,'2-DATASET'!A:A,$AA$2)) -> 0 | T19: =(SUMIFS('2-DATASET'!X:X,'2-DATASET'!G:G,'4-BOXSCORE_1Q'!A19,'2-DATASET'!A:A,$AA$2)) -> 0 | U19: =(SUMIFS('2-DATASET'!Y:Y,'2-DATASET'!G:G,'4-BOXSCORE_1Q'!A19,'2-DATASET'!A:A,$AA$2)) -> 0 | V19: =(SUMIFS('2-DATASET'!K:K,'2-DATASET'!I:I,"Dunk",'2-DATASET'!G:G,'4-BOXSCORE_1Q'!A19,'2-DATASET'!A:A,$AA$2))/2 -> 0 | W19: =(SUMIFS('2-DATASET'!Z:Z,'2-DATASET'!G:G,'4-BOXSCORE_1Q'!A19,'2-DATASET'!A:A,$AA$2)) -> 1 | X19: =(SUMIFS('2-DATASET'!AA:AA,'2-DATASET'!G:G,'4-BOXSCORE_1Q'!A19,'2-DATASET'!A:A,$AA$2)) -> 1 | Y19: =D19+Q19+P19+S19+T19+X19-((F19-E19)+(I19-H19)+(L19-K19)+R19+U19+W19) -> 7
A20: JL03 | B20: Melvin Ejim | C20: =SUMIFS('2-DATASET'!AE:AE,'2-DATASET'!G:G,'4-BOXSCORE_1Q'!A20,'2-DATASET'!A:A,$AA$2) -> 0.0029513889 | D20: =SUMIFS('2-DATASET'!M:M,'2-DATASET'!G:G,'4-BOXSCORE_1Q'!A20,'2-DATASET'!A:A,$AA$2) -> 0 | E20: =(SUMIFS('2-DATASET'!K:K,'2-DATASET'!K:K,2,'2-DATASET'!L:L,1,'2-DATASET'!G:G,'4-BOXSCORE_1Q'!A20,'2-DATASET'!A:A,$AA$2))/2 -> 0 | F20: =(SUMIFS('2-DATASET'!K:K,'2-DATASET'!K:K,2,'2-DATASET'!G:G,'4-BOXSCORE_1Q'!A20,'2-DATASET'!A:A,$AA$2))/2 -> 0 | G20: =IF(F20=0,0,E20/F20) -> 0 | H20: =(SUMIFS('2-DATASET'!K:K,'2-DATASET'!K:K,3,'2-DATASET'!L:L,1,'2-DATASET'!G:G,'4-BOXSCORE_1Q'!A20,'2-DATASET'!A:A,$AA$2))/3 -> 0 | I20: =(SUMIFS('2-DATASET'!K:K,'2-DATASET'!K:K,3,'2-DATASET'!G:G,'4-BOXSCORE_1Q'!A20,'2-DATASET'!A:A,$AA$2))/3 -> 0 | J20: =IF(I20=0,0,H20/I20) -> 0 | K20: =(SUMIFS('2-DATASET'!K:K,'2-DATASET'!K:K,1,'2-DATASET'!L:L,1,'2-DATASET'!G:G,'4-BOXSCORE_1Q'!A20,'2-DATASET'!A:A,$AA$2))/1 -> 0 | L20: =(SUMIFS('2-DATASET'!K:K,'2-DATASET'!K:K,1,'2-DATASET'!G:G,'4-BOXSCORE_1Q'!A20,'2-DATASET'!A:A,$AA$2))/1 -> 0 | M20: =IF(L20=0,0,K20/L20) -> 0 | N20: =(SUMIFS('2-DATASET'!T:T,'2-DATASET'!G:G,'4-BOXSCORE_1Q'!A20,'2-DATASET'!A:A,$AA$2)) -> 0 | O20: =(SUMIFS('2-DATASET'!S:S,'2-DATASET'!G:G,'4-BOXSCORE_1Q'!A20,'2-DATASET'!A:A,$AA$2)) -> 0 | P20: =N20+O20 -> 0 | Q20: =(SUMIFS('2-DATASET'!U:U,'2-DATASET'!G:G,'4-BOXSCORE_1Q'!A20,'2-DATASET'!A:A,$AA$2)) -> 0 | R20: =(SUMIFS('2-DATASET'!V:V,'2-DATASET'!G:G,'4-BOXSCORE_1Q'!A20,'2-DATASET'!A:A,$AA$2)) -> 0 | S20: =(SUMIFS('2-DATASET'!W:W,'2-DATASET'!G:G,'4-BOXSCORE_1Q'!A20,'2-DATASET'!A:A,$AA$2)) -> 0 | T20: =(SUMIFS('2-DATASET'!X:X,'2-DATASET'!G:G,'4-BOXSCORE_1Q'!A20,'2-DATASET'!A:A,$AA$2)) -> 0 | U20: =(SUMIFS('2-DATASET'!Y:Y,'2-DATASET'!G:G,'4-BOXSCORE_1Q'!A20,'2-DATASET'!A:A,$AA$2)) -> 0 | V20: =(SUMIFS('2-DATASET'!K:K,'2-DATASET'!I:I,"Dunk",'2-DATASET'!G:G,'4-BOXSCORE_1Q'!A20,'2-DATASET'!A:A,$AA$2))/2 -> 0 | W20: =(SUMIFS('2-DATASET'!Z:Z,'2-DATASET'!G:G,'4-BOXSCORE_1Q'!A20,'2-DATASET'!A:A,$AA$2)) -> 1 | X20: =(SUMIFS('2-DATASET'!AA:AA,'2-DATASET'!G:G,'4-BOXSCORE_1Q'!A20,'2-DATASET'!A:A,$AA$2)) -> 0 | Y20: =D20+Q20+P20+S20+T20+X20-((F20-E20)+(I20-H20)+(L20-K20)+R20+U20+W20) -> -1
A21: JL04 | B21: Caleb Agada | C21: =SUMIFS('2-DATASET'!AE:AE,'2-DATASET'!G:G,'4-BOXSCORE_1Q'!A21,'2-DATASET'!A:A,$AA$2) -> 0.0029513889 | D21: =SUMIFS('2-DATASET'!M:M,'2-DATASET'!G:G,'4-BOXSCORE_1Q'!A21,'2-DATASET'!A:A,$AA$2) -> 4 | E21: =(SUMIFS('2-DATASET'!K:K,'2-DATASET'!K:K,2,'2-DATASET'!L:L,1,'2-DATASET'!G:G,'4-BOXSCORE_1Q'!A21,'2-DATASET'!A:A,$AA$2))/2 -> 1 | F21: =(SUMIFS('2-DATASET'!K:K,'2-DATASET'!K:K,2,'2-DATASET'!G:G,'4-BOXSCORE_1Q'!A21,'2-DATASET'!A:A,$AA$2))/2 -> 1 | G21: =IF(F21=0,0,E21/F21) -> 1 | H21: =(SUMIFS('2-DATASET'!K:K,'2-DATASET'!K:K,3,'2-DATASET'!L:L,1,'2-DATASET'!G:G,'4-BOXSCORE_1Q'!A21,'2-DATASET'!A:A,$AA$2))/3 -> 0 | I21: =(SUMIFS('2-DATASET'!K:K,'2-DATASET'!K:K,3,'2-DATASET'!G:G,'4-BOXSCORE_1Q'!A21,'2-DATASET'!A:A,$AA$2))/3 -> 0 | J21: =IF(I21=0,0,H21/I21) -> 0 | K21: =(SUMIFS('2-DATASET'!K:K,'2-DATASET'!K:K,1,'2-DATASET'!L:L,1,'2-DATASET'!G:G,'4-BOXSCORE_1Q'!A21,'2-DATASET'!A:A,$AA$2))/1 -> 2 | L21: =(SUMIFS('2-DATASET'!K:K,'2-DATASET'!K:K,1,'2-DATASET'!G:G,'4-BOXSCORE_1Q'!A21,'2-DATASET'!A:A,$AA$2))/1 -> 2 | M21: =IF(L21=0,0,K21/L21) -> 1 | N21: =(SUMIFS('2-DATASET'!T:T,'2-DATASET'!G:G,'4-BOXSCORE_1Q'!A21,'2-DATASET'!A:A,$AA$2)) -> 1 | O21: =(SUMIFS('2-DATASET'!S:S,'2-DATASET'!G:G,'4-BOXSCORE_1Q'!A21,'2-DATASET'!A:A,$AA$2)) -> 0 | P21: =N21+O21 -> 1 | Q21: =(SUMIFS('2-DATASET'!U:U,'2-DATASET'!G:G,'4-BOXSCORE_1Q'!A21,'2-DATASET'!A:A,$AA$2)) -> 1 | R21: =(SUMIFS('2-DATASET'!V:V,'2-DATASET'!G:G,'4-BOXSCORE_1Q'!A21,'2-DATASET'!A:A,$AA$2)) -> 0 | S21: =(SUMIFS('2-DATASET'!W:W,'2-DATASET'!G:G,'4-BOXSCORE_1Q'!A21,'2-DATASET'!A:A,$AA$2)) -> 0 | T21: =(SUMIFS('2-DATASET'!X:X,'2-DATASET'!G:G,'4-BOXSCORE_1Q'!A21,'2-DATASET'!A:A,$AA$2)) -> 0 | U21: =(SUMIFS('2-DATASET'!Y:Y,'2-DATASET'!G:G,'4-BOXSCORE_1Q'!A21,'2-DATASET'!A:A,$AA$2)) -> 0 | V21: =(SUMIFS('2-DATASET'!K:K,'2-DATASET'!I:I,"Dunk",'2-DATASET'!G:G,'4-BOXSCORE_1Q'!A21,'2-DATASET'!A:A,$AA$2))/2 -> 0 | W21: =(SUMIFS('2-DATASET'!Z:Z,'2-DATASET'!G:G,'4-BOXSCORE_1Q'!A21,'2-DATASET'!A:A,$AA$2)) -> 0 | X21: =(SUMIFS('2-DATASET'!AA:AA,'2-DATASET'!G:G,'4-BOXSCORE_1Q'!A21,'2-DATASET'!A:A,$AA$2)) -> 2 | Y21: =D21+Q21+P21+S21+T21+X21-((F21-E21)+(I21-H21)+(L21-K21)+R21+U21+W21) -> 8
A22: JL05 | B22: Oriol Paulí | C22: =SUMIFS('2-DATASET'!AE:AE,'2-DATASET'!G:G,'4-BOXSCORE_1Q'!A22,'2-DATASET'!A:A,$AA$2) -> 0.0016087963 | D22: =SUMIFS('2-DATASET'!M:M,'2-DATASET'!G:G,'4-BOXSCORE_1Q'!A22,'2-DATASET'!A:A,$AA$2) -> 0 | E22: =(SUMIFS('2-DATASET'!K:K,'2-DATASET'!K:K,2,'2-DATASET'!L:L,1,'2-DATASET'!G:G,'4-BOXSCORE_1Q'!A22,'2-DATASET'!A:A,$AA$2))/2 -> 0 | F22: =(SUMIFS('2-DATASET'!K:K,'2-DATASET'!K:K,2,'2-DATASET'!G:G,'4-BOXSCORE_1Q'!A22,'2-DATASET'!A:A,$AA$2))/2 -> 1 | G22: =IF(F22=0,0,E22/F22) -> 0 | H22: =(SUMIFS('2-DATASET'!K:K,'2-DATASET'!K:K,3,'2-DATASET'!L:L,1,'2-DATASET'!G:G,'4-BOXSCORE_1Q'!A22,'2-DATASET'!A:A,$AA$2))/3 -> 0 | I22: =(SUMIFS('2-DATASET'!K:K,'2-DATASET'!K:K,3,'2-DATASET'!G:G,'4-BOXSCORE_1Q'!A22,'2-DATASET'!A:A,$AA$2))/3 -> 0 | J22: =IF(I22=0,0,H22/I22) -> 0 | K22: =(SUMIFS('2-DATASET'!K:K,'2-DATASET'!K:K,1,'2-DATASET'!L:L,1,'2-DATASET'!G:G,'4-BOXSCORE_1Q'!A22,'2-DATASET'!A:A,$AA$2))/1 -> 0 | L22: =(SUMIFS('2-DATASET'!K:K,'2-DATASET'!K:K,1,'2-DATASET'!G:G,'4-BOXSCORE_1Q'!A22,'2-DATASET'!A:A,$AA$2))/1 -> 0 | M22: =IF(L22=0,0,K22/L22) -> 0 | N22: =(SUMIFS('2-DATASET'!T:T,'2-DATASET'!G:G,'4-BOXSCORE_1Q'!A22,'2-DATASET'!A:A,$AA$2)) -> 0 | O22: =(SUMIFS('2-DATASET'!S:S,'2-DATASET'!G:G,'4-BOXSCORE_1Q'!A22,'2-DATASET'!A:A,$AA$2)) -> 0 | P22: =N22+O22 -> 0 | Q22: =(SUMIFS('2-DATASET'!U:U,'2-DATASET'!G:G,'4-BOXSCORE_1Q'!A22,'2-DATASET'!A:A,$AA$2)) -> 0 | R22: =(SUMIFS('2-DATASET'!V:V,'2-DATASET'!G:G,'4-BOXSCORE_1Q'!A22,'2-DATASET'!A:A,$AA$2)) -> 0 | S22: =(SUMIFS('2-DATASET'!W:W,'2-DATASET'!G:G,'4-BOXSCORE_1Q'!A22,'2-DATASET'!A:A,$AA$2)) -> 0 | T22: =(SUMIFS('2-DATASET'!X:X,'2-DATASET'!G:G,'4-BOXSCORE_1Q'!A22,'2-DATASET'!A:A,$AA$2)) -> 0 | U22: =(SUMIFS('2-DATASET'!Y:Y,'2-DATASET'!G:G,'4-BOXSCORE_1Q'!A22,'2-DATASET'!A:A,$AA$2)) -> 0 | V22: =(SUMIFS('2-DATASET'!K:K,'2-DATASET'!I:I,"Dunk",'2-DATASET'!G:G,'4-BOXSCORE_1Q'!A22,'2-DATASET'!A:A,$AA$2))/2 -> 0 | W22: =(SUMIFS('2-DATASET'!Z:Z,'2-DATASET'!G:G,'4-BOXSCORE_1Q'!A22,'2-DATASET'!A:A,$AA$2)) -> 0 | X22: =(SUMIFS('2-DATASET'!AA:AA,'2-DATASET'!G:G,'4-BOXSCORE_1Q'!A22,'2-DATASET'!A:A,$AA$2)) -> 0 | Y22: =D22+Q22+P22+S22+T22+X22-((F22-E22)+(I22-H22)+(L22-K22)+R22+U22+W22) -> -1
A23: JL06 | B23: Kristers Zoriks | C23: =SUMIFS('2-DATASET'!AE:AE,'2-DATASET'!G:G,'4-BOXSCORE_1Q'!A23,'2-DATASET'!A:A,$AA$2) -> 0.0023842593 | D23: =SUMIFS('2-DATASET'!M:M,'2-DATASET'!G:G,'4-BOXSCORE_1Q'!A23,'2-DATASET'!A:A,$AA$2) -> 2 | E23: =(SUMIFS('2-DATASET'!K:K,'2-DATASET'!K:K,2,'2-DATASET'!L:L,1,'2-DATASET'!G:G,'4-BOXSCORE_1Q'!A23,'2-DATASET'!A:A,$AA$2))/2 -> 0 | F23: =(SUMIFS('2-DATASET'!K:K,'2-DATASET'!K:K,2,'2-DATASET'!G:G,'4-BOXSCORE_1Q'!A23,'2-DATASET'!A:A,$AA$2))/2 -> 1 | G23: =IF(F23=0,0,E23/F23) -> 0 | H23: =(SUMIFS('2-DATASET'!K:K,'2-DATASET'!K:K,3,'2-DATASET'!L:L,1,'2-DATASET'!G:G,'4-BOXSCORE_1Q'!A23,'2-DATASET'!A:A,$AA$2))/3 -> 0 | I23: =(SUMIFS('2-DATASET'!K:K,'2-DATASET'!K:K,3,'2-DATASET'!G:G,'4-BOXSCORE_1Q'!A23,'2-DATASET'!A:A,$AA$2))/3 -> 1 | J23: =IF(I23=0,0,H23/I23) -> 0 | K23: =(SUMIFS('2-DATASET'!K:K,'2-DATASET'!K:K,1,'2-DATASET'!L:L,1,'2-DATASET'!G:G,'4-BOXSCORE_1Q'!A23,'2-DATASET'!A:A,$AA$2))/1 -> 2 | L23: =(SUMIFS('2-DATASET'!K:K,'2-DATASET'!K:K,1,'2-DATASET'!G:G,'4-BOXSCORE_1Q'!A23,'2-DATASET'!A:A,$AA$2))/1 -> 3 | M23: =IF(L23=0,0,K23/L23) -> 0.66666667 | N23: =(SUMIFS('2-DATASET'!T:T,'2-DATASET'!G:G,'4-BOXSCORE_1Q'!A23,'2-DATASET'!A:A,$AA$2)) -> 0 | O23: =(SUMIFS('2-DATASET'!S:S,'2-DATASET'!G:G,'4-BOXSCORE_1Q'!A23,'2-DATASET'!A:A,$AA$2)) -> 0 | P23: =N23+O23 -> 0 | Q23: =(SUMIFS('2-DATASET'!U:U,'2-DATASET'!G:G,'4-BOXSCORE_1Q'!A23,'2-DATASET'!A:A,$AA$2)) -> 0 | R23: =(SUMIFS('2-DATASET'!V:V,'2-DATASET'!G:G,'4-BOXSCORE_1Q'!A23,'2-DATASET'!A:A,$AA$2)) -> 0 | S23: =(SUMIFS('2-DATASET'!W:W,'2-DATASET'!G:G,'4-BOXSCORE_1Q'!A23,'2-DATASET'!A:A,$AA$2)) -> 0 | T23: =(SUMIFS('2-DATASET'!X:X,'2-DATASET'!G:G,'4-BOXSCORE_1Q'!A23,'2-DATASET'!A:A,$AA$2)) -> 0 | U23: =(SUMIFS('2-DATASET'!Y:Y,'2-DATASET'!G:G,'4-BOXSCORE_1Q'!A23,'2-DATASET'!A:A,$AA$2)) -> 1 | V23: =(SUMIFS('2-DATASET'!K:K,'2-DATASET'!I:I,"Dunk",'2-DATASET'!G:G,'4-BOXSCORE_1Q'!A23,'2-DATASET'!A:A,$AA$2))/2 -> 0 | W23: =(SUMIFS('2-DATASET'!Z:Z,'2-DATASET'!G:G,'4-BOXSCORE_1Q'!A23,'2-DATASET'!A:A,$AA$2)) -> 0 | X23: =(SUMIFS('2-DATASET'!AA:AA,'2-DATASET'!G:G,'4-BOXSCORE_1Q'!A23,'2-DATASET'!A:A,$AA$2)) -> 1 | Y23: =D23+Q23+P23+S23+T23+X23-((F23-E23)+(I23-H23)+(L23-K23)+R23+U23+W23) -> -1
A24: JL07 | B24: Gyorgy Golomán | C24: =SUMIFS('2-DATASET'!AE:AE,'2-DATASET'!G:G,'4-BOXSCORE_1Q'!A24,'2-DATASET'!A:A,$AA$2) -> 0.0031481481 | D24: =SUMIFS('2-DATASET'!M:M,'2-DATASET'!G:G,'4-BOXSCORE_1Q'!A24,'2-DATASET'!A:A,$AA$2) -> 6 | E24: =(SUMIFS('2-DATASET'!K:K,'2-DATASET'!K:K,2,'2-DATASET'!L:L,1,'2-DATASET'!G:G,'4-BOXSCORE_1Q'!A24,'2-DATASET'!A:A,$AA$2))/2 -> 2 | F24: =(SUMIFS('2-DATASET'!K:K,'2-DATASET'!K:K,2,'2-DATASET'!G:G,'4-BOXSCORE_1Q'!A24,'2-DATASET'!A:A,$AA$2))/2 -> 2 | G24: =IF(F24=0,0,E24/F24) -> 1 | H24: =(SUMIFS('2-DATASET'!K:K,'2-DATASET'!K:K,3,'2-DATASET'!L:L,1,'2-DATASET'!G:G,'4-BOXSCORE_1Q'!A24,'2-DATASET'!A:A,$AA$2))/3 -> 0 | I24: =(SUMIFS('2-DATASET'!K:K,'2-DATASET'!K:K,3,'2-DATASET'!G:G,'4-BOXSCORE_1Q'!A24,'2-DATASET'!A:A,$AA$2))/3 -> 0 | J24: =IF(I24=0,0,H24/I24) -> 0 | K24: =(SUMIFS('2-DATASET'!K:K,'2-DATASET'!K:K,1,'2-DATASET'!L:L,1,'2-DATASET'!G:G,'4-BOXSCORE_1Q'!A24,'2-DATASET'!A:A,$AA$2))/1 -> 2 | L24: =(SUMIFS('2-DATASET'!K:K,'2-DATASET'!K:K,1,'2-DATASET'!G:G,'4-BOXSCORE_1Q'!A24,'2-DATASET'!A:A,$AA$2))/1 -> 2 | M24: =IF(L24=0,0,K24/L24) -> 1 | N24: =(SUMIFS('2-DATASET'!T:T,'2-DATASET'!G:G,'4-BOXSCORE_1Q'!A24,'2-DATASET'!A:A,$AA$2)) -> 0 | O24: =(SUMIFS('2-DATASET'!S:S,'2-DATASET'!G:G,'4-BOXSCORE_1Q'!A24,'2-DATASET'!A:A,$AA$2)) -> 1 | P24: =N24+O24 -> 1 | Q24: =(SUMIFS('2-DATASET'!U:U,'2-DATASET'!G:G,'4-BOXSCORE_1Q'!A24,'2-DATASET'!A:A,$AA$2)) -> 0 | R24: =(SUMIFS('2-DATASET'!V:V,'2-DATASET'!G:G,'4-BOXSCORE_1Q'!A24,'2-DATASET'!A:A,$AA$2)) -> 1 | S24: =(SUMIFS('2-DATASET'!W:W,'2-DATASET'!G:G,'4-BOXSCORE_1Q'!A24,'2-DATASET'!A:A,$AA$2)) -> 1 | T24: =(SUMIFS('2-DATASET'!X:X,'2-DATASET'!G:G,'4-BOXSCORE_1Q'!A24,'2-DATASET'!A:A,$AA$2)) -> 0 | U24: =(SUMIFS('2-DATASET'!Y:Y,'2-DATASET'!G:G,'4-BOXSCORE_1Q'!A24,'2-DATASET'!A:A,$AA$2)) -> 0 | V24: =(SUMIFS('2-DATASET'!K:K,'2-DATASET'!I:I,"Dunk",'2-DATASET'!G:G,'4-BOXSCORE_1Q'!A24,'2-DATASET'!A:A,$AA$2))/2 -> 0 | W24: =(SUMIFS('2-DATASET'!Z:Z,'2-DATASET'!G:G,'4-BOXSCORE_1Q'!A24,'2-DATASET'!A:A,$AA$2)) -> 2 | X24: =(SUMIFS('2-DATASET'!AA:AA,'2-DATASET'!G:G,'4-BOXSCORE_1Q'!A24,'2-DATASET'!A:A,$AA$2)) -> 2 | Y24: =D24+Q24+P24+S24+T24+X24-((F24-E24)+(I24-H24)+(L24-K24)+R24+U24+W24) -> 7
A25: JL12 | B25: Atoumane Diagne | C25: =SUMIFS('2-DATASET'!AE:AE,'2-DATASET'!G:G,'4-BOXSCORE_1Q'!A25,'2-DATASET'!A:A,$AA$2) -> 0.0022453704 | D25: =SUMIFS('2-DATASET'!M:M,'2-DATASET'!G:G,'4-BOXSCORE_1Q'!A25,'2-DATASET'!A:A,$AA$2) -> 4 | E25: =(SUMIFS('2-DATASET'!K:K,'2-DATASET'!K:K,2,'2-DATASET'!L:L,1,'2-DATASET'!G:G,'4-BOXSCORE_1Q'!A25,'2-DATASET'!A:A,$AA$2))/2 -> 2 | F25: =(SUMIFS('2-DATASET'!K:K,'2-DATASET'!K:K,2,'2-DATASET'!G:G,'4-BOXSCORE_1Q'!A25,'2-DATASET'!A:A,$AA$2))/2 -> 2 | G25: =IF(F25=0,0,E25/F25) -> 1 | H25: =(SUMIFS('2-DATASET'!K:K,'2-DATASET'!K:K,3,'2-DATASET'!L:L,1,'2-DATASET'!G:G,'4-BOXSCORE_1Q'!A25,'2-DATASET'!A:A,$AA$2))/3 -> 0 | I25: =(SUMIFS('2-DATASET'!K:K,'2-DATASET'!K:K,3,'2-DATASET'!G:G,'4-BOXSCORE_1Q'!A25,'2-DATASET'!A:A,$AA$2))/3 -> 0 | J25: =IF(I25=0,0,H25/I25) -> 0 | K25: =(SUMIFS('2-DATASET'!K:K,'2-DATASET'!K:K,1,'2-DATASET'!L:L,1,'2-DATASET'!G:G,'4-BOXSCORE_1Q'!A25,'2-DATASET'!A:A,$AA$2))/1 -> 0 | L25: =(SUMIFS('2-DATASET'!K:K,'2-DATASET'!K:K,1,'2-DATASET'!G:G,'4-BOXSCORE_1Q'!A25,'2-DATASET'!A:A,$AA$2))/1 -> 0 | M25: =IF(L25=0,0,K25/L25) -> 0 | N25: =(SUMIFS('2-DATASET'!T:T,'2-DATASET'!G:G,'4-BOXSCORE_1Q'!A25,'2-DATASET'!A:A,$AA$2)) -> 0 | O25: =(SUMIFS('2-DATASET'!S:S,'2-DATASET'!G:G,'4-BOXSCORE_1Q'!A25,'2-DATASET'!A:A,$AA$2)) -> 0 | P25: =N25+O25 -> 0 | Q25: =(SUMIFS('2-DATASET'!U:U,'2-DATASET'!G:G,'4-BOXSCORE_1Q'!A25,'2-DATASET'!A:A,$AA$2)) -> 0 | R25: =(SUMIFS('2-DATASET'!V:V,'2-DATASET'!G:G,'4-BOXSCORE_1Q'!A25,'2-DATASET'!A:A,$AA$2)) -> 0 | S25: =(SUMIFS('2-DATASET'!W:W,'2-DATASET'!G:G,'4-BOXSCORE_1Q'!A25,'2-DATASET'!A:A,$AA$2)) -> 0 | T25: =(SUMIFS('2-DATASET'!X:X,'2-DATASET'!G:G,'4-BOXSCORE_1Q'!A25,'2-DATASET'!A:A,$AA$2)) -> 0 | U25: =(SUMIFS('2-DATASET'!Y:Y,'2-DATASET'!G:G,'4-BOXSCORE_1Q'!A25,'2-DATASET'!A:A,$AA$2)) -> 0 | V25: =(SUMIFS('2-DATASET'!K:K,'2-DATASET'!I:I,"Dunk",'2-DATASET'!G:G,'4-BOXSCORE_1Q'!A25,'2-DATASET'!A:A,$AA$2))/2 -> 1 | W25: =(SUMIFS('2-DATASET'!Z:Z,'2-DATASET'!G:G,'4-BOXSCORE_1Q'!A25,'2-DATASET'!A:A,$AA$2)) -> 2 | X25: =(SUMIFS('2-DATASET'!AA:AA,'2-DATASET'!G:G,'4-BOXSCORE_1Q'!A25,'2-DATASET'!A:A,$AA$2)) -> 0 | Y25: =D25+Q25+P25+S25+T25+X25-((F25-E25)+(I25-H25)+(L25-K25)+R25+U25+W25) -> 2
A26: JL14 | B26: Mikel Sanz | C26: =SUMIFS('2-DATASET'!AE:AE,'2-DATASET'!G:G,'4-BOXSCORE_1Q'!A26,'2-DATASET'!A:A,$AA$2) -> 0.0029513889 | D26: =SUMIFS('2-DATASET'!M:M,'2-DATASET'!G:G,'4-BOXSCORE_1Q'!A26,'2-DATASET'!A:A,$AA$2) -> 0 | E26: =(SUMIFS('2-DATASET'!K:K,'2-DATASET'!K:K,2,'2-DATASET'!L:L,1,'2-DATASET'!G:G,'4-BOXSCORE_1Q'!A26,'2-DATASET'!A:A,$AA$2))/2 -> 0 | F26: =(SUMIFS('2-DATASET'!K:K,'2-DATASET'!K:K,2,'2-DATASET'!G:G,'4-BOXSCORE_1Q'!A26,'2-DATASET'!A:A,$AA$2))/2 -> 0 | G26: =IF(F26=0,0,E26/F26) -> 0 | H26: =(SUMIFS('2-DATASET'!K:K,'2-DATASET'!K:K,3,'2-DATASET'!L:L,1,'2-DATASET'!G:G,'4-BOXSCORE_1Q'!A26,'2-DATASET'!A:A,$AA$2))/3 -> 0 | I26: =(SUMIFS('2-DATASET'!K:K,'2-DATASET'!K:K,3,'2-DATASET'!G:G,'4-BOXSCORE_1Q'!A26,'2-DATASET'!A:A,$AA$2))/3 -> 0 | J26: =IF(I26=0,0,H26/I26) -> 0 | K26: =(SUMIFS('2-DATASET'!K:K,'2-DATASET'!K:K,1,'2-DATASET'!L:L,1,'2-DATASET'!G:G,'4-BOXSCORE_1Q'!A26,'2-DATASET'!A:A,$AA$2))/1 -> 0 | L26: =(SUMIFS('2-DATASET'!K:K,'2-DATASET'!K:K,1,'2-DATASET'!G:G,'4-BOXSCORE_1Q'!A26,'2-DATASET'!A:A,$AA$2))/1 -> 0 | M26: =IF(L26=0,0,K26/L26) -> 0 | N26: =(SUMIFS('2-DATASET'!T:T,'2-DATASET'!G:G,'4-BOXSCORE_1Q'!A26,'2-DATASET'!A:A,$AA$2)) -> 0 | O26: =(SUMIFS('2-DATASET'!S:S,'2-DATASET'!G:G,'4-BOXSCORE_1Q'!A26,'2-DATASET'!A:A,$AA$2)) -> 0 | P26: =N26+O26 -> 0 | Q26: =(SUMIFS('2-DATASET'!U:U,'2-DATASET'!G:G,'4-BOXSCORE_1Q'!A26,'2-DATASET'!A:A,$AA$2)) -> 0 | R26: =(SUMIFS('2-DATASET'!V:V,'2-DATASET'!G:G,'4-BOXSCORE_1Q'!A26,'2-DATASET'!A:A,$AA$2)) -> 1 | S26: =(SUMIFS('2-DATASET'!W:W,'2-DATASET'!G:G,'4-BOXSCORE_1Q'!A26,'2-DATASET'!A:A,$AA$2)) -> 0 | T26: =(SUMIFS('2-DATASET'!X:X,'2-DATASET'!G:G,'4-BOXSCORE_1Q'!A26,'2-DATASET'!A:A,$AA$2)) -> 1 | U26: =(SUMIFS('2-DATASET'!Y:Y,'2-DATASET'!G:G,'4-BOXSCORE_1Q'!A26,'2-DATASET'!A:A,$AA$2)) -> 0 | V26: =(SUMIFS('2-DATASET'!K:K,'2-DATASET'!I:I,"Dunk",'2-DATASET'!G:G,'4-BOXSCORE_1Q'!A26,'2-DATASET'!A:A,$AA$2))/2 -> 0 | W26: =(SUMIFS('2-DATASET'!Z:Z,'2-DATASET'!G:G,'4-BOXSCORE_1Q'!A26,'2-DATASET'!A:A,$AA$2)) -> 0 | X26: =(SUMIFS('2-DATASET'!AA:AA,'2-DATASET'!G:G,'4-BOXSCORE_1Q'!A26,'2-DATASET'!A:A,$AA$2)) -> 0 | Y26: =D26+Q26+P26+S26+T26+X26-((F26-E26)+(I26-H26)+(L26-K26)+R26+U26+W26) -> 0
A27: JL16 | B27: Millán Jiménez | C27: =SUMIFS('2-DATASET'!AE:AE,'2-DATASET'!G:G,'4-BOXSCORE_1Q'!A27,'2-DATASET'!A:A,$AA$2) -> 0.0039930556 | D27: =SUMIFS('2-DATASET'!M:M,'2-DATASET'!G:G,'4-BOXSCORE_1Q'!A27,'2-DATASET'!A:A,$AA$2) -> 2 | E27: =(SUMIFS('2-DATASET'!K:K,'2-DATASET'!K:K,2,'2-DATASET'!L:L,1,'2-DATASET'!G:G,'4-BOXSCORE_1Q'!A27,'2-DATASET'!A:A,$AA$2))/2 -> 1 | F27: =(SUMIFS('2-DATASET'!K:K,'2-DATASET'!K:K,2,'2-DATASET'!G:G,'4-BOXSCORE_1Q'!A27,'2-DATASET'!A:A,$AA$2))/2 -> 1 | G27: =IF(F27=0,0,E27/F27) -> 1 | H27: =(SUMIFS('2-DATASET'!K:K,'2-DATASET'!K:K,3,'2-DATASET'!L:L,1,'2-DATASET'!G:G,'4-BOXSCORE_1Q'!A27,'2-DATASET'!A:A,$AA$2))/3 -> 0 | I27: =(SUMIFS('2-DATASET'!K:K,'2-DATASET'!K:K,3,'2-DATASET'!G:G,'4-BOXSCORE_1Q'!A27,'2-DATASET'!A:A,$AA$2))/3 -> 0 | J27: =IF(I27=0,0,H27/I27) -> 0 | K27: =(SUMIFS('2-DATASET'!K:K,'2-DATASET'!K:K,1,'2-DATASET'!L:L,1,'2-DATASET'!G:G,'4-BOXSCORE_1Q'!A27,'2-DATASET'!A:A,$AA$2))/1 -> 0 | L27: =(SUMIFS('2-DATASET'!K:K,'2-DATASET'!K:K,1,'2-DATASET'!G:G,'4-BOXSCORE_1Q'!A27,'2-DATASET'!A:A,$AA$2))/1 -> 0 | M27: =IF(L27=0,0,K27/L27) -> 0 | N27: =(SUMIFS('2-DATASET'!T:T,'2-DATASET'!G:G,'4-BOXSCORE_1Q'!A27,'2-DATASET'!A:A,$AA$2)) -> 0 | O27: =(SUMIFS('2-DATASET'!S:S,'2-DATASET'!G:G,'4-BOXSCORE_1Q'!A27,'2-DATASET'!A:A,$AA$2)) -> 1 | P27: =N27+O27 -> 1 | Q27: =(SUMIFS('2-DATASET'!U:U,'2-DATASET'!G:G,'4-BOXSCORE_1Q'!A27,'2-DATASET'!A:A,$AA$2)) -> 1 | R27: =(SUMIFS('2-DATASET'!V:V,'2-DATASET'!G:G,'4-BOXSCORE_1Q'!A27,'2-DATASET'!A:A,$AA$2)) -> 1 | S27: =(SUMIFS('2-DATASET'!W:W,'2-DATASET'!G:G,'4-BOXSCORE_1Q'!A27,'2-DATASET'!A:A,$AA$2)) -> 2 | T27: =(SUMIFS('2-DATASET'!X:X,'2-DATASET'!G:G,'4-BOXSCORE_1Q'!A27,'2-DATASET'!A:A,$AA$2)) -> 0 | U27: =(SUMIFS('2-DATASET'!Y:Y,'2-DATASET'!G:G,'4-BOXSCORE_1Q'!A27,'2-DATASET'!A:A,$AA$2)) -> 0 | V27: =(SUMIFS('2-DATASET'!K:K,'2-DATASET'!I:I,"Dunk",'2-DATASET'!G:G,'4-BOXSCORE_1Q'!A27,'2-DATASET'!A:A,$AA$2))/2 -> 0 | W27: =(SUMIFS('2-DATASET'!Z:Z,'2-DATASET'!G:G,'4-BOXSCORE_1Q'!A27,'2-DATASET'!A:A,$AA$2)) -> 0 | X27: =(SUMIFS('2-DATASET'!AA:AA,'2-DATASET'!G:G,'4-BOXSCORE_1Q'!A27,'2-DATASET'!A:A,$AA$2)) -> 0 | Y27: =D27+Q27+P27+S27+T27+X27-((F27-E27)+(I27-H27)+(L27-K27)+R27+U27+W27) -> 5
